article_type.code;article.code;article.description;article.commentaire;article.collection
C;ABX091498BE/ABX;COCO PISO RECKITT;12030470BE;1
C;ABX091498BI/ABX;COCO FRESHMATIC RECKITT;12030470BI;1
C;ABX091498BW/ABX;COCO CHINE WAVE SHAMPOO;12030470BW;1
C;ABX091498CD/ABX;COCO D'EAU SHADES P&G IN THE AIR;12030470CD;1
C;ABX091498FJ/ABX;COCO SHAMPOO REPAIR ORIFLAME;12030470FJ;1
C;ABX091498T/ABX;COCO SHAMPOO;12030470T;1
C;ABX091790N/ABX;DELIGHT CONNOISSEUR CHROM BASE PANTENE;12050754N;1
C;ABX101397F/ABX;ALMOND CREAMY;12041226F;1
C;ABX104402K/ABX;FAX LAVENDER SOAP;12038673K;1
C;ABX104650E/ABX;ORANGE SOAP;12041621E;1
C;ABX109762F/ABX;BABY SOAP;12058455F;1
C;ABX109946/ABX;ZEST MENTA SOAP;12041887;1
C;ABX110195/ABX;LEVER 2000;12041181;1
C;ABX110586E/ABX;LENOR ENVOLEE D'AIR FRAIS (JSCHYP010);12060081E;1
C;ABX110586I/ABX;LENOR ENVOLEE D'AIR FRAIS (JSCHYP010);12060081I;1
C;ABX110718A/ABX;MIEL NEFERTITI;12042326A;1
C;ABX111136E/ABX;DALIN FABRIC SOFTENER;12060857E;1
C;ABX111677AO/ABX;HYPNOSE PISO;12049788AO;1
C;ABX111677AP/ABX;HYPNOSE FRESHMATIC RECKITT;12049788AP;1
C;ABX111677J/ABX;HYPNOSE KNEIPP;12049788J;1
C;ABX163129N/ABX;PARIS OUD APC;12060143N;1
C;ABX163129S/ABX;PARIS OUD LIQUID DET;12060143S;1
C;ABX163130AD/ABX;LAVANDE BLACK WOOD FRESHMATIC;12050360AD;1
C;ABX163130Q/ABX;LAVANDE BLACK WOOD FRESHMATIC;12050360Q;1
C;ABX163130S/ABX;LAVANDE BLACK WOOD PISO;12050360S;1
C;ABX163130X/ABX;LAVANDE BLACK WOOD FRESHMATIC;12050360X;1
C;ABX163131A/ABX;EUPHORIA;12050003A;1
C;ABX163131N/ABX;EUPHORIA;12050003N;1
C;ABX163132C/ABX;HEMAS VELVET SANDALWOOD SOAP;12060168C;1
C;ABX163227W/ABX;FLORAL SEE-CHERRY FRESHMATIC;12059522W;1
C;ABX163227Z/ABX;SEE BY CHLOE PISO BTB;12059522Z;1
C;ABX163228F/ABX;LAVANDE SYRIO RECKITT;12050217F;1
C;ABX163229AB/ABX;MY FLORAL LIQ DET HENKEL;12060664AB;1
C;ABX163230BB/ABX;MIDNIGHT ROSE FRESHMATIC;12059677BB;1
C;ABX163230O/ABX;MIDNIGHT ROSE FRESHMATIC;12059677O;1
C;ABX163230R/ABX;MIDNIGHT ROSE FRESHMATIC;12059677R;1
C;ABX163230W/ABX;MIDNIGHT ROSE PISO BTB;12059677W;1
C;ABX163262F/ABX;SPICY AND APPLE FROM JSFRUI085 ET DGFLO066DA;12051327F;1
C;ABX163262I/ABX;SPICY AND APPLE FROM JSFRUI085 ET DGFLO066DA PISO;12051327I;1
C;ABX163286D/ABX;LAVENDER PISO;12051201D;1
C;ABX163286K/ABX;LAVENDER PISO;12051201K;1
C;ABX163286M/ABX;LAVENDER FRESHMATIC BEAT THE BEST;12051201M;1
C;ABX163286R/ABX;LAVENDER PISO;12051201R;1
C;ABX163287F/ABX;ALL ABOUT EVE LAVANDE FRESHMATIC FROM JSORIE053M;12061466F;1
C;ABX163287I/ABX;ALL ABOUT EVE LAVANDE PISO FROM JSORIE053M;12061466I;1
C;ABX163288AA/ABX;LAVANDE MILLION FRESHMATIC;12050458AA;1
C;ABX163288AD/ABX;LAVANDE MILLION FRESHMATIC;12050458AD;1
C;ABX163288AH/ABX;LAVANDE MILLION PISO;12050458AH;1
C;ABX163288I/ABX;LAVANDE MILLION;12050458I;1
C;ABX163288L/ABX;LAVANDE MILLION;12050458L;1
C;ABX163288T/ABX;LAVANDE MILLION FRESHMATIC;12050458T;1
C;ABX163463B/ABX;FORET NOIRE;12051387B;1
C;ABX163522B/ABX;RAINFOREST PISO;12050205B;1
C;ABX163522H/ABX;RAINFOREST PISO;12050205H;1
C;ABX163522M/ABX;RAINFOREST PISO;12050205M;1
C;ABX163522O/ABX;RAINFOREST PISO;12050205O;1
C;ABX163533AA/ABX;CLEAN SENSATION - ABERCROMBIE FRESHMATIC RECKITT;12050520AA;1
C;ABX163533AB/ABX;CLEAN SENSATION - ABERCROMBIE PISO EU RECKITT;12050520AB;1
C;ABX163533BE/ABX;ABERCROMBIE HOME DECOR;12050520BE;1
C;ABX163533D/ABX;CLEAN SENSATION;12050520D;1
C;ABX163533R/ABX;CLEAN SENSATION;12050520R;1
C;ABX163534E/ABX;FIOR DI MUSCHIO PISO RECKITT;12050497E;1
C;ABX163534S/ABX;FIOR DI MUSCHIO PISO RECKITT;12050497S;1
C;ABX163646E/ABX;INSTANT MADEL MALODOR A PARTIR DGFLO192DO;12060805E;1
C;ABX164131F/ABX;ARIEL SENSACIONES;12055212F;1
C;ABX164131N/ABX;ARIEL SENSACIONES;12055212N;1
C;ABX164829AR/ABX;BE DELICIOUS CANDLE;12050359AR;1
C;ABX164829AR/ABX;BE DELICIOUS CANDLE;12050359AR;1
C;ABX164829AZ/ABX;BE DELICIOUS FRESHMATIC;12050359AZ;1
C;ABX164829BC/ABX;BE DELICIOUS FRESHMATIC;12050359BC;1
C;ABX164829H/ABX;BE DELICIOUS PISO;12050359H;1
C;ABX164830/ABX;EMERALD NENUPHAR A PARTIR DE DGCR040;12054741;1
C;ABX164840E/ABX;TALCO BOSQUE VERDE SOFTENER A PARTIR JSMUSK029D;12060336E;1
C;ABX164876A/ABX;SOLEIL CANNELLE ET POMME A PARTIR DGCR035A;12061055A;1
C;ABX164876E/ABX;SOLEIL CANNELLE ET POMME A PARTIR DGCR035A FRESHMA;12061055E;1
C;ABX164876G/ABX;SOLEIL CANNELLE ET POMME A PARTIR DGCR035A FRESHMA;12061055G;1
C;ABX164877L/ABX;ALL ABOUT EVE;12050498L;1
C;ABX164877N/ABX;ALL ABOUT EVE FRESHMATIC BTB;12050498N;1
C;ABX165271AA/ABX;LIGHT BLUE PISO;12049571AA;1
C;ABX165271J/ABX;LIGHT BLUE PISO;12049571J;1
C;ABX165271M/ABX;LIGHT BLUE PISO;12049571M;1
C;ABX165388E/ABX;ROPA LIMPIA;12050392E;1
C;ABX165388H/ABX;ROPA LIMPIA FRESHMATIC;12050392H;1
C;ABX170741F/ABX;FIORE DI LOTO ADOUCISSANT;12060514F;1
C;ABX179912W/ABX;ALMOND BLOSSOM STICKS ZOBELE;12058411W;1
C;ABX179972AD/ABX;APPLE AND CINNAMON FRESHMATIC;12049787AD;1
C;ABX179972F/ABX;JUICY SPLASH PISO;12049787F;1
C;ABX179972P/ABX;APPLE AND CINNAMON PISO;12049787P;1
C;ABX179973/ABX;JSORIE052AH MOD;12049789;1
C;ABX179973AA/ABX;VANILLE CASHMERE FRESHMATIC BEAT THE BEST;12049789AA;1
C;ABX179973AC/ABX;VANILLE CASHMERE FRESHMATIC BEAT THE BEST;12049789AC;1
C;ABX179973AD/ABX;VANILLE CASHMERE SOFTENER;12049789AD;1
C;ABX179973X/ABX;VANILLE CASHMERE PISO BEAT THE BEST;12049789X;1
C;ABX179973X/ABX;VANILLE CASHMERE PISO BEAT THE BEST;12049789X;1
C;ABX180493M/ABX;AQUA DI GIO A PARTIR DE LA NCNC548B;12050361M;1
C;ABX180493N/ABX;AQUA DI GIO A PARTIR DE LA NCNC548B;12050361N;1
C;ABX180493U/ABX;AQUA DI GIO FRESHMATIC A PARTIR DE LA NCNC548B;12050361U;1
C;ABX181255K/ABX;DISH PINK BERRIES;12059216K;1
C;ABX181563M/ABX;USHUAIA COCO MELOCOTON;12061604M;1
C;ABX181590J/ABX;LAVENDER FRESH AND LIGHT A PARTIR DGFLO285AT;12060513J;1
C;ABX181771J/ABX;HERBAL ESSENCE COCO;12049922J;1
C;ABX181903D/ABX;SNOW JASMIN ORCHID APRTIR DGFLO476BI;12050706D;1
C;ABX182007B/ABX;HUGO WOMAN APC;12051267B;1
C;ABX182325G/ABX;PURE AIR;12060339G;1
C;ABX182325O/ABX;PURE AIR FRESHMATIC;12060339O;1
C;ABX182505C/ABX;VANILLE COCO MUSK PISO;12060999C;1
C;ABX182505F/ABX;VANILLE COCO MUSK PISO;12060999F;1
C;ABX182532B/ABX;SPA;12059529B;1
C;ABX182532B/ABX;SPA;12059529B;1
C;ABX182534B/ABX;KENZO HOME DECOR;12051399B;1
C;ABX182660G/ABX;VANILLA PISO BEAT THE BEST;12051656G;1
C;ABX182660L/ABX;VANILLA LAVENDER FRESHMATIC BEAT THE BEST;12051656L;1
C;ABX231276D/ABX;WHITE MUSK FAB SOFT;12060546D;1
C;ABX231281/ABX;AROME BLACKBERRY A PARTIR DE LA BXFRUI069D;12060373;1
C;ABX231346R/ABX;CITRUS ECOVER 100% NAT;12057751R;1
C;ABX231347F/ABX;ODISSEY PISO;12062045F;1
C;ABX231408D/ABX;JASMINE SOAP;12059537D;1
C;ABX231507A/ABX;LAVENDER EUCALYPTUS;12057750A;1
C;ABX231507A/ABX;LAVENDER EUCALYPTUS;12057750A;1
C;ABX231517I/ABX;SKIP AZUL;12059985I;1
C;ABX231647/ABX;LUX WAKE ME UP;12060002;1
C;ABX231760B/ABX;DOWNY VERDE;12060905B;1
C;ABX232076E/ABX;REXONA COTON DRY;12059972E;1
C;ABX232399A/ABX;OLIVE TOMATE HYPONATAK;12062715A;1
C;ABX232471/ABX;AMBRE EXTREME;12057706;1
C;ABX232579/MGU;STELLA LOUKOUM ROSE;12060495;1
C;ABX232690B/ABX;CITRUS HERBAL;12059550B;1
C;ABX232690M/ABX;CITRUS HERBAL STANHOME;12059550M;1
C;ABX232858A/ABX;PURE CASHMERE;12058329A;1
C;ABX232859C/ABX;AGUA  AZUL;12060216C;1
C;ABX232987A/ABX;VIOLET SENSATION APC;12059499A;1
C;ABX232988A/ABX;TENTATION VIOLET APC;12058595A;1
C;ABX232992/ABX;SOAP PASSION DE JASMIN;12059713;1
C;ABX233253/ABX;MINT 100%;12061481;1
C;ABX233289A/DGI;SNOW JASMIN ORCHID A PARTIR DGFLO476;12061002A;1
C;ABX233464B/ABX;PECHE;12061414B;1
C;ABX233537/DGI;NORIT CUIDADO TOTAL;12060727;1
C;ABX233541A/ABX;BLACKBERY MYRTILLES DGFRUI06K;12060940A;1
C;ABX233541D/ABX;BLACKBERY MYRTILLES DGFRUI06K;12060940D;1
C;ABX234172A/ABX;ABRICOT 100% NAT A PARTIR JSFRUI089;12061794A;1
C;ABX234298B/ABX;ORANGE BLOSSOM A PARTIR DE LA  RFJS009A;12061696B;1
C;ANA030546BF/ANA;NUN W/ ALLERGENS FOR SHAMPOO+SATINIQUE;12047863BF;1
C;ANL034280AV/ANL;VERSENSAS 92AV;12052788AV;1
C;ANL034280AW/ANL;VERSENSAS 92AW;12052788AW;1
C;ANL090796C/ANL;DOUCETTE 796C;12041582C;1
C;ANL090796C/ANL;DOUCETTE 796C;12041582C;1
C;ANL091307I/ANL;ARMANI CODE ICE 307I;12042132I;1
C;ANL091681F/ANL;VETINARCI 447F;12042412F;1
C;ANL091682E/ANL;IDEAL GUY 682E;12042552E;1
C;ANL091816JE/ANL;ROUGE AMERE 97JE;12046832JE;1
C;ANL092495K/ANL;OLYMPE 495K;12042543K;1
C;ANL092495L/ANL;OLYMPE 495L;12042543L;1
C;ANL107672CH/ANL;LA DOSE EN CREME 672CH;12039931CH;1
C;ANL107674F/ANL;FAST 157F;12046831F;1
C;ANL111885F/ANL;MINOS NICKEL 457F;12060955F;1
C;ANL161601/ANL;DAISY WATER;12052792;1
C;ANL161935AE/ANL;COFFE ROSE 127AE;12048394AE;1
C;ANL161962K/ANL;MOCHACINO 162K;12051258K;1
C;ANL162131BH/ANL;BLACK ROSE 003BH;12053634BH;1
C;ANL162420E/ANL;ADG DEO 420E;12054017E;1
C;ANL162740B/ANL;SUGAR BABY LOVE 29B;12047000B;1
C;ANL162741B/ANL;TUBMEC 59B;12056051B;1
C;ANL162741C/ANL;TUBMEC 59C;12056051C;1
C;ANL162755N/ANL;CIMENT 117N;12056917N;1
C;ANL162755N/ANL;CIMENT 117N;12056917N;1
C;ANL162816Q/ANL;MISS DOLLAR 121Q;12051076Q;1
C;ANL163387/ANL;QUININE GOIABA;12059442;1
C;ANL163387A/ANL;QUININE GOIABA 1A;12059442A;1
C;ANL163388A/ANL;DIVINE SAPOTI 2A;12058807A;1
C;ANL163544AB/ANL;PARTI PRIS 256AB;12053989AB;1
C;ANL163544AQ/ANL;PARTI PRIS 256AQ;12053989AQ;1
C;ANL163544BT/ANL;PARTI PRIS 256BT;12053989BT;1
C;ANL163599B/ANL;WONDERONE 60B;12050950B;1
C;ANL163727K/ANL;KRYPTONIC 25K;12054455K;1
C;ANL164149N/ANL;PHILOX GINGER 149N;12050664N;1
C;ANL164149U/ANL;PHILOXYDE 149U;12050664U;1
C;ANL164150A/ANL;LAIT ABSINTH;12050969A;1
C;ANL164150B/ANL;LAIT ABSINTH 51B;12050969B;1
C;ANL164150B/ANL;LAIT ABSINTH 51B;12050969B;1
C;ANL164328/ANL;GREEN #3;12061632;1
C;ANL164514BN/ANL;REDWAY 155BN;12049768BN;1
C;ANL164514F/ANL;REDWAY 155F;12049768F;1
C;ANL164514M/ANL;REDWAY 155M;12049768M;1
C;ANL164769D/ANL;BABY LOTION 204D;12057620D;1
C;ANL165361/ANL;MIRACLE VMC;12050401;1
C;ANL165361/ANL;MIRACLE VMC;12050401;1
C;ANL165364F/ANL;GOUDRON HUMIDE 364F;12053781F;1
C;ANL165365G/ANL;LILAS METAL 134G;12056698G;1
C;ANL165366B/ANL;ANIMAGIRL 149B;12051466B;1
C;ANL165366D/ANL;ANIMAGIRL 149D;12051466D;1
C;ANL165367B/ANL;TABAC FROID;12053782B;1
C;ANL165367I/ANL;TABAC FROID 252I;12053782I;1
C;ANL165368B/ANL;CUIR CHEVELU 290B;12059195B;1
C;ANL165368H/ANL;CUIR CHEVELU 290H;12059195H;1
C;ANL175201D/ANL;DARKANAS 201D;12049487D;1
C;ANL175225G/ANL;FLEUR DE REGLISSE 23G;12057132G;1
C;ANL175225G/ANL;FLEUR DE REGLISSE 23G;12057132G;1
C;ANL177532B/ANL;CHOCEXPLOSION 130B;12046595B;1
C;ANL177532M/ANL;CHOCEXPLOSION 130M;12046595M;1
C;ANL177532S/ANL;CHOCEXPLOSION 130S;12046595S;1
C;ANL177533AO/ANL;LONDON RED 49AO;12046593AO;1
C;ANL177533C/ANL;WHITE BRANDY 49C;12046593C;1
C;ANL178100E/ANL;IRISOXYDE 140E;12047923E;1
C;ANL178498DG/ANL;NARCOS PINK 177DG;12047961DG;1
C;ANL180148CJ/ANL;ROSE FIGURE 186CJ;12049948CJ;1
C;ANL180148CW/ANL;ROSE FIGURE 186CW;12049948CW;1
C;ANL180148EV/ANL;ROSE DRAGEE 186EV;12049948EV;1
C;ANL181003BX/ANL;HEDI 361BX;12050332BX;1
C;ANL181414C/ANL;LATEX PEAU 58C;12051285C;1
C;ANL182658A/ANL;DARK SNOUFF 658A;12051161A;1
C;ANL182797E/ANL;COCONUT GINGER MILK 19E;12057140E;1
C;ANL182797E/ANL;COCONUT GINGER MILK 19E;12057140E;1
C;ANL228338C/ANL;BAILEYS 55C;12057771C;1
C;ANL228380/JJJ;JJ-ORIE 010JC MOD BAILEYS;12057422;1
C;ANL228459E/ANL;CUIR ET SCHOTCH 054E;12055976E;1
C;ANL228459H/ANL;CRIN NOIR 54H;12055976H;1
C;ANL228459H/ANL;CRIN NOIR 54H;12055976H;1
C;ANL228460C/ANL;BELUGA YQUEM 052C;12055968C;1
C;ANL228461/ANL;CHAMPAGNE;12057770;1
C;ANL228461A/ANL;CHAMPAGNE FRAMBOISE;12057770A;1
C;ANL228461AD/ANL;PINK CHAMPAGNE 53AD;12057770AD;1
C;ANL228461T/ANL;PINK CHAMPAGNE 461T;12057770T;1
C;ANL228461Z/ANL;PINK CHAMPAGNE 53Z;12057770Z;1
C;ANL228501D/ANL;TOM QUININE 501D;12056876D;1
C;ANL228621I/ANL;CLAIRIERE 621I;12056509I;1
C;ANL228621I/ANL;CLAIRIERE 621I;12056509I;1
C;ANL228741DN/ANL;FIGUE NOIRE 002DN;12056213DN;1
C;ANL228789M/ANL;MEMORY MUSK 114M;12057560M;1
C;ANL228954AI/ANL;IS SHE 96AI;12060048AI;1
C;ANL228954AT/ANL;IS SHE 96AT;12060048AT;1
C;ANL229029R/ANL;KERO CLOUD 116R;12056154R;1
C;ANL229029S/ANL;CITY STRESS 116S;12056154S;1
C;ANL229098D/ANL;CHOKOUD 108C;12059548D;1
C;ANL229185D/ANL;FLEUR D'EAU 146D;12058935D;1
C;ANL229189B/ANL;ABSENTHIA 148B;12057837B;1
C;ANL229248A/ANL;DIRTY CLEAN 131A;12059787A;1
C;ANL229517H/ANL;EAU DE VIE 84H;12057583H;1
C;ANL230706AT/ANL;NAKED 706AT;12058246AT;1
C;ANL230762P/ANL;BELLE DE FLO 762P;12057761P;1
C;ANL230762P/ANL;BELLE DE FLO 762P;12057761P;1
C;ANL230849B/ANL;TOBACCONIST SHOP 309B;12059224B;1
C;ANL230883A/ANL;ACCORD VEGETAL 308A;12059329A;1
C;ANL230897Y/ANL;OH MY GODE 003Y;12057105Y;1
C;ANL231230C/ANL;BE ALAIA 329C;12059452C;1
C;ANL231282O/ANL;MORPH 282O;12060313O;1
C;ANL232121A/ANL;LABODOR II;12059724A;1
C;ANL232431P/ANL;WONDERFUL WATER 01P;12060208P;1
C;ANL232603B/ANL;MISS MOLOTOV 426B;12060363B;1
C;ANL232734/ANL;FOSSILE ANIMAL;12057813;1
C;ANL233609E/ANL;TWEET 39E;12060676E;1
C;ANL234124C/ANL;CARNATION GUN 124C;12061833C;1
C;ANL234124E/ANL;CARNATION GUN 124E;12061833E;1
C;ANL234384/ANL;VIOLETTE PHANTOME;12061410;1
C;ANL234513H/JJJ;LAVANDOM 41H;12061363H;1
C;ANL234949B/ANL;BOLCHOI SCENT 949B;12061947B;1
C;BIL036004Y/BIL;AQUA ALLEGORIA LIMON VERDE - 20 - 0.7% SHAMPOO;12050920Y;1
C;BIL036006L/BIL;AROMA RICH SCARLETT - 13 - 0.7% SHAMPOO;12055228L;1
C;BIL036719F/BIL;EAU DE GIVENCHY - 6 - 0.4% SHAMPOO;12031778F;1
C;BIL088057AX/BIL;SHEER BEAUTY CK - 48 - 0.3% FACE CREAM;12029820AX;1
C;BIL088085AJ/BIL;CEDRE BLEU - 29 - 0.4% BODY LOTION;12029844AJ;1
C;BIL089166J/BIL;LAVENDER - 11 - 1% SHOWER GEL ECOCERT;12030274J;1
C;BIL089296AG/BIL;AMOR AMOR & MIMOSA - 30 - 0.7% SHAMPOO;12029878AG;1
C;BIL089418AC/BIL;MARRY ME - 15 - 0.3% FACE CREAM;12030218AC;1
C;BIL089418AC/BIL;MARRY ME - 15 - 0.3% FACE CREAM;12030218AC;1
C;BIL089418AC/BIL;MARRY ME - 15 - 0.3% FACE CREAM;12030218AC;1
C;BIL089418BB/BIL;MARRY ME - 38 - 0.3% FACE CREAM;12030218BB;1
C;BIL090109T/BIL;TUTTI KIWI - 19 - 0.7% SHAMPOO;12029879T;1
C;BIL090368J/BIL;DOT CHERRY - D12 - 0.8% SHAMPOO;12030744J;1
C;BIL090440A/BIL;HONEYSUCKLE - 2 - 0.5%PERM;12030030A;1
C;BIL090442Z/BIL;OLAY REFRESHING - 24 - 0.7% AEROSOL;12058175Z;1
C;BIL090603G/BIL;MOJITO - C11 - 0.6% SHAMPOO;12052548G;1
C;BIL090603L/BIL;MOJITO - 16 - 0.7% SHAMPOO;12052548L;1
C;BIL090830AS/BIL;MANDARINE BASILIC - AL11-18 - 0.6% SHAMPOO    EFR-;12030953AS;1
C;BIL090830CO/BIL;MANDARINE BASILIC - 61 - 0.4% HAIR STYLING;12030953CO;1
C;BIL090830CO/BIL;MANDARINE BASILIC - 61 - 0.4% HAIR STYLING;12030953CO;1
C;BIL091788AA/BIL;CANDY RIZ - R21/1 - 0,7% SHAMPOO;12031398AA;1
C;BIL091789AH/BIL;WELLA PRO SERIES - 35 - 0.5% SHAMPOO;12031399AH;1
C;BIL091789E/BIL;WELLA PRO SERIES - D5 - 0.8% SHAMPOO;12031399E;1
C;BIL091919BD/BIL;EAU TROPICALE - AY48 - 0.8% SHAMPOO;12030358BD;1
C;BIL091920P/BIL;OCEAN LOUNGE - K17 - 0.7% SHAMPOO;12049890P;1
C;BIL091920V/BIL;OCEAN LOUNGE - U21 - 0.5% COLO PERM;12049890V;1
C;BIL092249F/BIL;FORMULE R&D - 6 - 0.4% CONDITIONER;12051264F;1
C;BIL092253D/BIL;EAU D'ORANGE VERTE - 5 - 3% BODY MIST;12061575D;1
C;BIL092254I/BIL;PANTENE CHINE + WATERMELON - 9 - 0.7% SHAMPOO;12054712I;1
C;BIL092273S/BIL;HERBAL ESSENCES COLOR ME HAPPY - Q19 - 0.8%SHAMPOO;12041983S;1
C;BIL111504AE/BIL;SUNSILK BLACK SHINE - 29 - 1% COLO PERM;12042072AE;1
C;BIL111504D/BIL;SUNSILK BLACK SHINE - 5 - 0.7% SHAMPOO;12042072D;1
C;BIL161836S/BIL;MONOI MONOP - 19 - 0.7% SHAMPOO;12054707S;1
C;BIL181159M/BIL;PÄLLADIUM - 14 - 0.4% SHAMPOO;12050887M;1
C;BIL181416B/BIL;EXTRA VIEILLE - 3 - 3%PP;12061445B;1
C;BIL181770H/BIL;KENZO SUMMER 2005 - 9 - 0.7% SHAMPOO;12049924H;1
C;BIL182205F/BIL;DOP ABRICOT - E7 - 0.7% SHAMPOO;12062006F;1
C;BIL182210AD/BIL;PINKY LUNE - 27 - 0.7% SHAMPOO;12052549AD;1
C;BIL182212T/BIL;POUDRE D'AMANDE - 20 - 0.7% SHAMPOO;12050921T;1
C;BIL182212V/BIL;POUDRE D'AMANDE - 22 - 0.7% SHAMPOO;12050921V;1
C;BIL183213B/BIL;IRIS ECLAIR - 3 - 1% SHOWER GEL;12051250B;1
C;BIL226717A/BIL;A FLEUR D'IRIS - 0.3%FT184 - ECOCERT-;12055977A;1
C;BIL228382B/BIL;FLEUR DE SAFRAN - 3%FT297 RW IFSPIC002H;12057538B;1
C;BIL228563F/BIL;BOIS DE 100 ANS - 6 - 0.5% SHOWER GEL;12057292F;1
C;BIL228563G/BIL;BOIS DE 100 ANS - 7 - 0.5% SHOWER GEL ECOCERT;12057292G;1
C;BIL228989A/BIL;ORANGETTE - 2 -1% SHOWER GEL ECOCERT;12056251A;1
C;BIL228990D/BIL;CERISE MENTHE - 4  - 1% SHOWER GEL ECOCERT;12056811D;1
C;BIL232075D/BIL;LILAC IN BOX - 5 - 0.3% SHOWER GEL;12058036D;1
C;BIL232748D/BIL;ONE MILLION - 5 - 0.4% BODY LOTION;12060611D;1
C;BIL232748E/BIL;ONE MILLION - 6 - 0.3% SHOWER GEL;12060611E;1
C;BIL232814R/BIL;ELSEVE VOLUME COLLAGENE - 14 - 0.4% SHAMPOO;12060644R;1
C;BIL232814U/BIL;ELSEVE VOLUME COLLAGENE - E7/7 - 0.7% SHAMPOO;12060644U;1
C;BIL233146I/BIL;SAPIN DE NOEL - 8 - 0.5% SHOWER GEL;12061366I;1
C;BIL233146J/BIL;SAPIN DE NOEL - 9 - 0.5% SHOWER GEL ECOCERT;12061366J;1
C;BIL233152E/BIL;KERASTASE ELIXIR ULTIME - C4 - 0.8% COLO PERM;12061056E;1
C;BIL233152N/BIL;KERASTASE ELIXIR ULTIME OLEO COMPLEXE- G13- 0.8%SH;12061056N;1
C;BIL233358D/BIL;CLEAR TOTAL CARE - 5 - 0,7% SHAMPOO;12062747D;1
C;BIL233363H/PCH;PINK SUGAR GLITTER MAESA - F10 - 0.6% SHAMPOO;12061744H;1
C;BIL233373BD/BIL;CHLOE LYCHEE- 56 - 0.4% SHAMPOO;12061046BD;1
C;BIL233482B/BIL;ROSE IRON ECOCERT - A3 - 0.4% SHAMPOO;12061284B;1
C;BIL233482D/BIL;ROSE IRON ECOCERT - 5 - 1% SHOWER GEL;12061284D;1
C;BIL233483/BIL;FRAISE - 1 - 1% SHOWER GEL ECOCERT;12061793;1
C;BIL233483A/BIL;FRAISE - 2 - 1% SHOWER GEL ECOCERT;12061793A;1
C;BIL233532N/BIL;VANILLE DELICE - A14 - 0.6% SHAMPOO;12061333N;1
C;BIL233594C/BIL;H&S CLASSIC - 4 - 0.4% SHAMPOO;12060949C;1
C;BIL233594D/BIL;H&S CLASSIC - 5 - 0.8% SHAMPOO;12060949D;1
C;BIL233705G/BIL;KARITE & HUILE D'ARGAN - 8 - 0.4% SHAMPOO;12060853G;1
C;BIL233707AA/BIL;ORANGE MOJITO - W28 - 0.6% SHAMPOO;12061491AA;1
C;BIL233780I/BIL;POIRE WILLIAM - D10 - 1% SHOWER GEL ECOCERT;12061133I;1
C;BIL234016/BIL;BLUE CHAMOMILLE - 1 - 1% SHOWER GEL;12061925;1
C;BIL234017/BIL;LINDEN COTTON - 1 - 1% SHOWER GEL;12061974;1
C;BIL234255/BIL;MANGUE - 1 - 1% SHOWER GEL ECOCERT;12061965;1
C;BIL234255C/BIL;MANGUE - B4 - 1% SHOWER GEL ECOCERT;12061965C;1
C;BIL234344D/BIL;OLIVE AND GINGKO - 5 - 0.4% SHAMPOO;12060828D;1
C;BIL234465A/BIL;PANTENE EUROPE - 1 - 0.4% SHAMPOO;12061381A;1
C;BIL234505/BIL;BERGAMOT NATURELLE - 1 - 0.5% SHOWER GEL;12061797;1
C;BIL234550/BIL;DARK GRAPE MUSCAT - 1 - 0.6% SHAMPOO;12061600;1
C;BIL234595G/BIL;C/T FLOWER - 6 - 0.5% SHAMPOO;12061586G;1
C;BIL235142G/BIL;SAUVAGE - C8 - 1.5% DEO;12062785G;1
C;BIL245582K/BIL;CALABRE - E10 - 0.1% CREAM;12062962K;1
C;BIL245582K/BIL;CALABRE - E10 - 0.1% CREAM;12062962K;1
C;BLE108644B/BLE;LB-1355B;12043374B;1
C;BPM017208BF/BPM;DELICIOUS 0.6% CB3933;12038410BF;1
C;BPM017208GT/BPM;DELICIOUS 0.8%;12038410GT;1
C;BPM019881AY/BPM;NARCISSUS  LOREAL SHAMPOO0.5%FT 97C;12040535AY;1
C;BPM019881DQ/BPM;NARCISSUS  LOREAL 0.8%BASE PANTHENE;12040535DQ;1
C;BPM030774AV/BPM;J''''''''ADORE  0.7%;12055641AV;1
C;BPM031533/BPM;ESSENZA ACQUA DI GIO FOR MEN 10%WW;12058598;1
C;BPM031533A/BPM;ESSENZA ACQUA DI GIO FOR MEN 10%WW;12058598A;1
C;BPM031665/BPM;AQUA DI COLONIA NBGREE014W;12057792;1
C;BPM084631AJ/BPM;FLEURS D(ORANGER 0.25%FT332;12056593AJ;1
C;BPM084631L/BPM;FLEURS D(ORANGER EUFR08-013670.63% FT97C;12056593L;1
C;BPM086777C/BPM;COOL.W EUFR08-00118 LEGENDA 1% SAVON  RUSSIE;12056458C;1
C;BPM087190CE/BPM;DELICE  SHAMPOO WAVE 0.7%FT360A%;12046827CE;1
C;BPM088692AI/BPM;ICE DIVE /H&S  0.4%SHVERSION AB+;12057081AI;1
C;BPM088692AS/BPM;ICE DIVE /H&S  0.7%;12057081AS;1
C;BPM090815A/BPM;BRIT RHTYM FOR HER 12%WW;12041386A;1
C;BPM107293B/BPM;ABERCROMBIE MEN EDT  10%PV;12050233B;1
C;BPM108214H/BPM;CHERIE M D    4%WW;12055709H;1
C;BPM108215G/BPM;SOLO LOEWE 6%PV SPAIN;12057078G;1
C;BPM108216A/BPM;VERSENSE  12%WW;12051074A;1
C;BPM108427AG/BPM;DOLCE .G WOMEN 1.5% FT304 ROLL ON;12039631AG;1
C;BPM109459BC/BPM;ETERN+ POLO B  1%;12055201BC;1
C;BPM111058L/BPM;OBSESSION;12056124L;1
C;BPM111781AF/BPM;LAIT MIEL QUINTESSENCE1%FT331;12056172AF;1
C;BPM111805BP/BPM;GLOBE  FOR ME  1%FT331;12055611BP;1
C;BPM111805X/BPM;GLOBE  FOR MEN1%DEO;12055611X;1
C;BPM111805X/BPM;GLOBE  FOR MEN1%DEO;12055611X;1
C;BPM111806C/BPM;BULGARIE BLACK 1%FT278;12053331C;1
C;BPM111806H/BPM;BULGARIE BLACK 1%FT332;12053331H;1
C;BPM112345N/BPM;SAMSARA  1%WW BODY LOTION;12057693N;1
C;BPM112345X/BPM;SAMSARA;12057693X;1
C;BPM112358H/BPM;HUILE D'AMANDE CADUM;12059591H;1
C;BPM148997AN/BPM;FIGUE RIZ CAMOMILLE AVON  10% EDT;12056106AN;1
C;BPM159043CV/BPM;LADY MILLON 1% BODY MILK BASE CLIENT;12046498CV;1
C;BPM162005DM/BPM;IM DOLLAR 1% FT346;12053332DM;1
C;BPM163383D/BPM;BABY SOUL 10%WW;12047703D;1
C;BPM163389DK/BPM;ECRIN/TOBACCO 10%WW;12056480DK;1
C;BPM163758DA/BPM;CHLOE GOUDRON 1%FT360A  EUFR13-01134;12056274DA;1
C;BPM165335/BPM;POTIRON REGLISSE 5%WW;12057593;1
C;BPM165335/BPM;POTIRON REGLISSE 5%WW;12057593;1
C;BPM166277CI/BPM;AROMATIQUE BOISE CARNA  ?%  AQUA BASE;12056914CI;1
C;BPM168464D/BPM;HUGO ELEMENT 0.5% FT325;12058340D;1
C;BPM179621/BPM;JSORIE016;12055210;1
C;BPM179621/BPM;JSORIE016;12055210;1
C;BPM179621/BPM;JSORIE016;12055210;1
C;BPM181571D/BPM;JSORIE099B+COEUR HS  0.5%FT360A;12055237D;1
C;BPM181571E/BPM;JSORIE099B+COEUR HS  0.6%FT360A;12055237E;1
C;BPM182345/BPM;MUGLER A MEN 10% WW;12055247;1
C;BPM182345C/BPM;MUGLER A MEN 1% WW FT332;12055247C;1
C;BPM182645R/BPM;BAMBOO  OLIVE 1%FT331;12055607R;1
C;BPM214456G/BPM;ABRICOT/BASIL  12%EDT   SUPER URGENT MARIANNA !!!!;12058100G;1
C;BPM215359R/BPM;LE MALE 1% MOUSSE À RASER;12057347R;1
C;BPM215661AC/BPM;SEL D'AMBRE  1% FT331;12056471AC;1
C;BPM215661AD/BPM;SEL D'AMBRE  2.5%FT331;12056471AD;1
C;BPM216872V/BPM;COCO  LAIT  LENHART 1%FT331;12055642V;1
C;BPM217631G/BPM;POUDRE CANON 14%WW;12056639G;1
C;BPM217722BE/BPM;KENZOKI BAMBOO;12055825BE;1
C;BPM217722BH/BPM;KENZOKI BAMBOO 1% FT331;12055825BH;1
C;BPM218106A/BPM;TERRE 1%CB4264;12056713A;1
C;BPM218213DM/BPM;BOSS BY BOSS 10%WW WATER BASE;12057831DM;1
C;BPM218377W/BPM;COCA 1% SHOWER GEL DELKAM;12056948W;1
C;BPM218377W/BPM;COCA 1% SHOWER GEL DELKAM;12056948W;1
C;BPM218610AB/BPM;AQDG MEN EDT;12056804AB;1
C;BPM218653AC/BPM;BLACK TEA LENHART;12059187AC;1
C;BPM218653P/BPM;BLACK TEA LENHART;12059187P;1
C;BPM219418C/BPM;RAISIN BODY CREAM 1%FT331;12056126C;1
C;BPM220324V/BPM;CAMOMILLE NAT 0.1% BASE CLIENT;12058541V;1
C;BPM220324V/BPM;CAMOMILLE NAT 0.1% BASE CLIENT;12058541V;1
C;BPM220950U/BPM;FREESIA NAT 1% SHOWER 100% NAT;12056970U;1
C;BPM220950U/BPM;FREESIA NAT 1% SHOWER 100% NAT;12056970U;1
C;BPM224278I/BPM;EAUFRAICHE  ISSEY FLORALE MARINE 0.7%;12056241I;1
C;BPM224392AI/BPM;IDE H2O POCKETWOMEN  12%WW;12058071AI;1
C;BPM224755CW/BPM;ADVENT.AQDG KENZO 8%WW N°;12056105CW;1
C;BPM225154/BPM;OBSESSION DUNE;12058637;1
C;BPM225154A/BPM;OBSESSION DUNE 1%FT331;12058637A;1
C;BPM225430E/BPM;OCEAN LAUNGE  0.4%WATER BASE;12059203E;1
C;BPM225733Y/BPM;BOIS D'ORANGE RG  1%WW FT332;12055928Y;1
C;BPM226242I/BPM;PRUNE REINE CLAUDE  1%FT331;12056850I;1
C;BPM226474C/BPM;AMBER GOURMAND 0.3%FT332;12056028C;1
C;BPM226540/DGI;BP/DGWOOD017R;12058001;1
C;BPM226799/BPM;SECRET OBSESSION BPDKORIE013Z 1%FT277R;12057192;1
C;BPM226799/BPM;SECRET OBSESSION BPDKORIE013Z 1%FT277R;12057192;1
C;BPM227120C/BPM;COGNAC  5%;12056118C;1
C;BPM229456B/BPM;CERISE CHUPA NBFRUI018A;12058421B;1
C;BPM229528/BPM;BOIS DE CEDRE 1 %FT331 LEGENDA   EUFR12-00947;12055902;1
C;BPM229654B/BPM;BETTRAVE CAFE  CANNELIER  HERB COUPEES 10%WW QUINT;12058518B;1
C;BPM229898A/BPM;LYCHEE RAMBUTAN SBFRUI036A 0.5%FT332;12057075A;1
C;BPM229898B/BPM;LYCHEE RAMBUTAN  BETTRAVE  1%FT331;12057075B;1
C;BPM229898J/BPM;LYCHEE RAMBUTAN 1%FT332;12057075J;1
C;BPM230013A/BPM;BASIL EDT 12%WW  URGENT MARIANNA !!!!!;12058605A;1
C;BPM230330C/BPM;P'TITE  R.NOIRE  10%WW BOUGIE;12057197C;1
C;BPM230330N/BPM;P'TITE  R.NOIRE  14%WW EDT EUFR14-00009;12057197N;1
C;BPM230732D/BPM;REM 1%FT332;12057381D;1
C;BPM230736F/BPM;FAN FOR MEN 10% EUFR13-00972;12057920F;1
C;BPM230736G/BPM;FAN FOR MEN 10% EUFR13-00972;12057920G;1
C;BPM230870B/BPM;BOMBASSE  1.5% BASE PANTENE;12059062B;1
C;BPM230870H/BPM;BOMBASSE  1%FT331;12059062H;1
C;BPM230870L/BPM;BOMBASSE EDT 10%WW;12059062L;1
C;BPM230900G/BPM;LAVANDE ECOCERT;12057186G;1
C;BPM230900G/BPM;LAVANDE ECOCERT;12057186G;1
C;BPM231306A/BPM;SFWOOD303H;12060771A;1
C;BPM231482B/IFA;THE AUX EPICES CHAI LATTE 1%FT332;12059212B;1
C;BPM231483C/BPM;BPJSFLO150AH;12058555C;1
C;BPM231628/NBO;BPNB035B;12060231;1
C;BPM231628/NBO;BPNB035B;12060231;1
C;BPM231872/BPM;NARCISSO COCO JSCHYP005CE 12%WW;12058931;1
C;BPM231966B/BPM;TERRE H/ EAU FRAICHE 10% ALC NATHALIE M;12060325B;1
C;BPM232629/BPM;FLORAL ROSE CITRUS NBCITR022T 12% EDT;12060824;1
C;CBO161972F/CBO;JABUTICABA - BRAZILIAN GRAPE - BENTO MOD;12053273F;1
C;CBO162389/CBO;CAJU  - BENTO PROJECT TEPL;12050568;1
C;CBO163873/CBO;GOIABA - VERDE - BENTO PROJECT - TEPL;12058412;1
C;CBO164896B/CBO;SAPOTI - BENTO COLLECTION TEPL/TBR MOD 1;12059078B;1
C;CCH092543AI/CCH;BEAT THE FRESHMATIC - LAVENDER;12049392AI;1
C;DGI019348AL/DGI;AMOR+ DOVE SHAMP 4.5EUROS;12049792AL;1
C;DGI019348FI/DGI;WHITE LOVE DGORIE014G+ROSE CNV;12049792FI;1
C;DGI019348FX/DGI;WHITE LOVE DGORIE014G+2NATUREL;12049792FX;1
C;DGI020427AK/DGI;ELSEVE BASE LIGHT BLUE;12056921AK;1
C;DGI020427AK/DGI;ELSEVE BASE LIGHT BLUE;12056921AK;1
C;DGI020427CT/DGI;ELSEVE ENERGIZING CNV;12056921CT;1
C;DGI020428AW/DGI;RALPH 7EUROS;12050133AW;1
C;DGI021690B/DGI;ACCORD WATER LILIY HEADSPACE MIX;12056066B;1
C;DGI030537FJ/DGI;VANILLA PISO;12047900FJ;1
C;DGI030537GF/DGI;LAVENDER ORIENTAL;12047900GF;1
C;DGI030537L/DGI;HYPNOTIC HENKEL;12047900L;1
C;DGI030729BG/DGI;LIGHT BLUE APS FA;12048348BG;1
C;DGI030729BW/DGI;LIGHT BLUE IITALSILVA;12048348BW;1
C;DGI030748I/DGI;BODY BURB *** SHAMP;12055703I;1
C;DGI031663E/DGI;ROUGE DOUX AMERE;12055606E;1
C;DGI031664/DGI;ECLAT D'AMOUR 88A;12056577;1
C;DGI031746M/DGI;ENCAPSULATION PERSIL LIQUID;12041791M;1
C;DGI032336AK/DGI;INCI INGREDIENT;12056845AK;1
C;DGI032501B/DGI;CHOCO/ NOISETTE;12042257B;1
C;DGI032501B/DGI;CHOCO/ NOISETTE;12042257B;1
C;DGI032501B/DGI;CHOCO/ NOISETTE;12042257B;1
C;DGI032948BF/DGI;FLOWER SNOW;12047985BF;1
C;DGI032948BS/DGI;FLOWER SNOW;12047985BS;1
C;DGI032949M/DGI;JASMIN ORCHID PASSION FLOWER;12048039M;1
C;DGI034535BG/DGI;CLEAN MUSK;12044721BG;1
C;DGI035552O/DGI;KILOTUS KERA + IRIS;12054738O;1
C;DGI035553F/DGI;VIOLETTE/ MURE EN FEERIE;12059074F;1
C;DGI088075CB/DGI;MOON SPAKLE OCEAN;12046628CB;1
C;DGI088075CB/DGI;MOON SPAKLE OCEAN;12046628CB;1
C;DGI088259BN/DGI;CREAMY SOAP MUSKY SANS LILIAL;12053629BN;1
C;DGI089378AQ/DGI;TIARÉ + AQUATIQUE;12055664AQ;1
C;DGI089378AQ/DGI;TIARÉ + AQUATIQUE;12055664AQ;1
C;DGI089560G/DGI;SOD HONEY REWORK;12031707G;1
C;DGI089560H/DGI;SOD HONEY REWORK;12031707H;1
C;DGI089994DC/DGI;ALMOND SOLAIRE HYPO ECOCERT;12044816DC;1
C;DGI090622A/DGI;EAU DE GIV J'ADORE;12060573A;1
C;DGI092194AB/DGI;INSTANT DOP;12049288AB;1
C;DGI092194AB/DGI;INSTANT DOP;12049288AB;1
C;DGI092194DO/DGI;INSTANT MADEL MALODOR;12049288DO;1
C;DGI107196AT/DGI;LAVANDER FRESH AND LIGHT;12037715AT;1
C;DGI108420AN/DGI;EUCALYPTUS ITALSILVA;12043362AN;1
C;DGI111556S/DGI;DURU LEMON COLOGNE;12056442S;1
C;DGI111807S/DGI;AMBRE D'ARMENIE;12058669S;1
C;DGI112296/DGI;SEVE CHLOROPHILE;12046903;1
C;DGI112297N/DGI;HERBE COUPÉE;12057120N;1
C;DGI154035S/DGI;FRUCT RAISIN/WATER MELON ECOCERT HYPO;12056516S;1
C;DGI157080AF/DGI;ALOE VERA ECOCERT;12044817AF;1
C;DGI157080AL/DGI;ALOE VERA ECOCERT BONNE;12044817AL;1
C;DGI157080X/DGI;ALOE VERA ECOCERT;12044817X;1
C;DGI157080X/DGI;ALOE VERA ECOCERT;12044817X;1
C;DGI158547N/DGI;EDELWEISS SNOW FLOWER;12049791N;1
C;DGI159108BD/DGI;THE GRIS COLORE NEFLIER (JJFLO315A);12055812BD;1
C;DGI163473C/DGI;FEU D'AMANDE ET FIG;12056853C;1
C;DGI163635A/DGI;SENSOUS SPICEBOMB MIEL;12056767A;1
C;DGI164517A/DGI;COEUR D'ANGE;12057047A;1
C;DGI164536A/DGI;ENERGIC RED BULL + CHEW;12053676A;1
C;DGI164536A/DGI;ENERGIC RED BULL + CHEW;12053676A;1
C;DGI165270E/DGI;MOON CHERRY;12049753E;1
C;DGI170127AE/DGI;SPA THERMAL KERASTASE 6EUROS PCM LOTSU ROSE;12051824AE;1
C;DGI170127AO/DGI;SPA THERMAL SEL MINERAUX SURFACE CLEANER;12051824AO;1
C;DGI170228EM/DGI;EAU DE CARTIER/MENTHE HYPO GREEN TEA ECOLABEL;12048524EM;1
C;DGI177299D/DGI;FLOWER DE COQUELICOT BLÉ;12049289D;1
C;DGI177299O/DGI;FLOWER DE NOISETTE & GELEE ROYALE;12049289O;1
C;DGI178060R/DGI;VANILLE CARAMEL AU LAIT;12048019R;1
C;DGI180096Y/DGI;BLUE SPIRIT;12059229Y;1
C;DGI180187I/DGI;MOJITO;12050479I;1
C;DGI180188L/DGI;MANGE FL 2632;12050198L;1
C;DGI180189H/DGI;VANILLE & ORCHID;12050530H;1
C;DGI180189J/DGI;VANILLE & ORCHID;12050530J;1
C;DGI180424L/DGI;BORN IN PARIS;12058886L;1
C;DGI180542AD/DGI;CASSIS IN LOVE;12056839AD;1
C;DGI180628AK/DGI;JARDIN D'ETE MERVEILLEUX NEUTRALISATEUR D'ODEUR;12055722AK;1
C;DGI180628BF/DGI;JARDIN D'ETE MERVEILLEUX;12055722BF;1
C;DGI180628BP/DGI;CHYPRE KUMQUAT/ABRICOT MERVEILLEUX;12055722BP;1
C;DGI181160BH/DGI;ADDICT / PISTACHE / COCONUT;12056364BH;1
C;DGI181160M/DGI;DIOR ADDICT / PISTACHE / COCONUT;12056364M;1
C;DGI202293AS/DGI;BOIS D'ORCHIDÉE;12055648AS;1
C;DGI202293BJ/DGI;BOIS D'ORCHIDÉE;12055648BJ;1
C;DGI220528F/DGI;MANIA BOUGIE;12057576F;1
C;DGI220633J/DGI;APPLE CRUNCHY SAME AS DGFRUI041E;12056905J;1
C;DGI220917J/DGI;ECOCERT AROMATES ET VERVEINE;12057915J;1
C;DGI220917J/DGI;ECOCERT AROMATES ET VERVEINE;12057915J;1
C;DGI222024BK/DGI;PANTENE PRO-V CLASSIC;12056264BK;1
C;DGI222833C/DGI;VERNEL RELAX YLANG;12056836C;1
C;DGI223106O/DGI;LENOR BLUE FRANCE (AVEC C11);12057518O;1
C;DGI224246/DGI;TRIPLET FIRMICH;12058288;1
C;DGI224247/DGI;TRIPLET SYMRISE;12058289;1
C;DGI224257D/DGI;FRUIT VELOUTEUX HYPONATAK ECOCERT;12055948D;1
C;DGI224589N/DGI;ACCORD ZESTE VERT AQUA;12056556N;1
C;DGI225067F/DGI;PANTENE NATURE FUSION;12057550F;1
C;DGI225609A/DGI;ROSE / FIGUE ECOCERT;12057383A;1
C;DGI225657O/DGI;DIOR HOMME SPORT MENN EXPERT;12056937O;1
C;DGI226048AQ/DGI;JARDIN SUR LE NIL/ VERVEINE;12055671AQ;1
C;DGI226048C/DGI;JARDIN SUR LE NIL/ VERVEINE;12055671C;1
C;DGI226048P/DGI;JARDIN SUR LE NIL/ VERVEINE;12055671P;1
C;DGI226048U/DGI;JARDIN SUR LE NIL/ VERVEINE MODE P+ORANGERFLOWER;12055671U;1
C;DGI226092/IFA;REWORK IFFLO013F;12057649;1
C;DGI226336M/DGI;CHERRY /VANIILA;12055859M;1
C;DGI226388T/DGI;CANDY ROSE FLORAL + CNV RELAX;12055830T;1
C;DGI226557AF/DGI;FEB LENOR ANAIS;12056294AF;1
C;DGI226841BH/DGI;NOIX DE COCO FRAICHE WAVE;12056545BH;1
C;DGI226841D/DGI;NOIX DE COCO FRAICHE;12056545D;1
C;DGI227330A/DGI;KERA TROUBLE;12058211A;1
C;DGI227912D/DGI;FRESH FLORAL;12060162D;1
C;DGI228474B/DGI;LAIT D'AMANDE DE CHEZ CASTEL;12058629B;1
C;DGI228476C/DGI;CHEWINGUM MANGOSTEEN BANANA GENOISE;12059010C;1
C;DGI228476C/DGI;CHEWINGUM MANGOSTEEN BANANA GENOISE;12059010C;1
C;DGI228477D/DGI;CHEWING-GUM FRAISE **;12059592D;1
C;DGI228571B/DGI;BANG BANG;12056635B;1
C;DGI228571C/DGI;CHARBON ACTIF BANG;12056635C;1
C;DGI228571K/DGI;BANG BANG ***;12056635K;1
C;DGI228669B/DGI;ACCORD LINGE PROPORE JJFLO111 + AROMATIC;12056861B;1
C;DGI229129A/DGI;PETIT ET MAMAN...THE LAST ONE;12055778A;1
C;DGI229157/NLE;NCTOWA001T;12055877;1
C;DGI229213/DGI;ACCORD HYPNOTIC ORIENTAL BOISE;12056558;1
C;DGI229274C/DGI;NEW AGE ELNET;12057323C;1
C;DGI229344A/DGI;DGFLO783B SANDAL ROSE FOR DUBAI+ FOND JFSLO165;12056703A;1
C;DGI229703/DGI;CSGTEA026T KUMEDE SOFTNER;12057764;1
C;DGI229704/DGI;YNON024A BANINI;12059468;1
C;DGI229998/DGI;IKISKY ONKENZ001AB;12058777;1
C;DGI230199A/DGI;DELICIOUS ROSE;12061992A;1
C;DGI230291A/DGI;MOD RZNC006B;12059107A;1
C;DGI231345A/DGI;LAVENDER AIR;12062696A;1
C;DGI231439J/DGI;PALMOLIVE NATURALS;12062720J;1
C;DGI231620A/DGI;SANDAL ENCENS;12058462A;1
C;DGI231673/DGI;ELSEVE ANTI-CASSE;12060044;1
C;DGI232337D/DGI;FILBRALOGIE;12062724D;1
C;DGI232421A/DGI;SOLEIL CAMMELLE & POMME;12062709A;1
C;DGI232706A/DGI;OLD PANTENE JAPAN;12062719A;1
C;DLK105592BB/DLK;JEANNE LANVIN SHAMPOO MOD1;12037403BB;1
C;DLK105592K/DLK;JEANNE LANVIN HYPO 11K;12037403K;1
C;DLK207459V/DLK;BLACKBERRY ARCTIQUE MOD5;12057035V;1
C;DLK208679B/DLK;ABSOLUT RHUM 7B;12057421B;1
C;DLK222562F/DLK;ACQUA FRESCA ECOCERT MOD5;12057387F;1
C;DLK222562J/DLK;ACQUA FRESCA ECOCERT TECN;12057387J;1
C;DLK222562J/DLK;ACQUA FRESCA ECOCERT TECN;12057387J;1
C;DLK223104B/DLK;NOA ECOCERT 14B;12060280B;1
C;DLK223270K/DLK;TIARE ECOCERT MOD5;12057366K;1
C;DLK224354BI/DLK;HAREM DK PUIG;12057540BI;1
C;EDF218904J/EDF;SKIP CLASSIQUE LIQUID UNILEVER LOW COST VERSION;12059748J;1
C;EGO163645B/EGO;DOMINIQUE;12050187B;1
C;FCA178641A/FCA;SANTAL LACTÉE  2;12048788A;1
C;FCA223334H/FCA;MALAKI  POUR ITALY   19;12058120H;1
C;FCA224046Y/FCA;TUMULTE   RHUM CACAO;12055636Y;1
C;FCA224599L/FCA;MOJITO   FIZZY SENSATION  19;12058287L;1
C;FCA224599Q/FCA;MOJITO   FIZZY SENSATION;12058287Q;1
C;FCA226026C/FCA;CANNELLE SANTAL   TATOUINE BOUGIE ADV COFORME;12057064C;1
C;FCA228233K/FCA;LE MAQUIS  AU PRINTEMPS   12% PP;12056797K;1
C;FCA229078E/FCA;PURE GARDENIA  10% PP  ESSAI 10;12057071E;1
C;FCA229082F/FCA;AMBRE SOLAIRE   ESSAI  8;12057261F;1
C;FCA229088C/FCA;ONYX 11;12056656C;1
C;FCA229091C/FCA;VIOLETTE  IRIS MIMOSA  PODRE DE RIZ 6;12057135C;1
C;FCA230096/FCA;CREME  DE 8 HEURES   6%  PP;12057049;1
C;FIK031536H/FIK;BLACK BUTTERFLY 8 - 10%;12047427H;1
C;FIK031547/FIK;BEYOND LIMIT 1 - 9%;12047684;1
C;FIK031548S/FIK;LIQUID K1 - 12%;12056063S;1
C;FIK034726AA/FIK;SEA PASSION & SUN 2 - 8%;12057667AA;1
C;FIK034726AB/FIK;SEA PASSION & SUN 3 - 8%;12057667AB;1
C;FIK150841BV/FIK;SKIN CITY  2 - 12%;12047925BV;1
C;FIK157823AD/FIK;ROSE SARI 2G - 10%;12046833AD;1
C;FIK158529H/FIK;LIBERTÉ 1 - 12%;12053511H;1
C;FIK212123CK/FIK;OEIL DU TIGRE 140 V - 10%;12056659CK;1
C;FIK212123CK/FIK;OEIL DU TIGRE 140 V - 10%;12056659CK;1
C;FIK212123EY/FIK;OEIL DU TIGRE 444 - 10%;12056659EY;1
C;FIK220842B/FIK;IONIRIS 4 - 12% PP;12058734B;1
C;FIK221736T/FIK;EXT DE PEAU 7A - 14%;12057939T;1
C;FIK226167/FIK;L'ODEUR DE L'ARGENT (W/O BASMATI RICE+AMBERLYN);12058987;1
C;FIK229886A/FIK;SEVENTIES 2 - 18%;12058012A;1
C;FIK230405D/FIK;NUE CUIR 16 - 5%;12058045D;1
C;FIK230505N/FIK;TIMELESS BEAUTY 30 - 16%;12057805N;1
C;FJJ026345CJ/FJJ;TWIST CK ONE / LIGHT BLUE NATRUE;12055220CJ;1
C;FJJ026345CJ/FJJ;TWIST CK ONE / LIGHT BLUE NATRUE;12055220CJ;1
C;FJJ029134DS/FJJ;TYP CHLOE +FRUIT;12053107DS;1
C;FJJ030385CE/FJJ;TYP LIGHT BLUE;12023724CE;1
C;FJJ030385DC/FJJ;TYP LIGHT BLUE;12023724DC;1
C;FJJ030385DC/FJJ;TYP LIGHT BLUE;12023724DC;1
C;FJJ030385DS/FJJ;TYP LIGHT BLUE;12023724DS;1
C;FJJ030385Y/FJJ;TYP LIGHT BLUE;12023724Y;1
C;FJJ030731CQ/FJJ;TYP BE DELICIOUS/J'ADORE;12049845CQ;1
C;FJJ030731GO/FJJ;ADIOR ORI;12049845GO;1
C;FJJ030731GR/FJJ;ADIOR ORI;12049845GR;1
C;FJJ030731HL/FJJ;ADIOR ORI WAV EUROP;12049845HL;1
C;FJJ030731HM/FJJ;ADIOR ORI;12049845HM;1
C;FJJ030731IY/FJJ;ADIOR DEO EFFECTIF;12049845IY;1
C;FJJ030731KA/FJJ;CACTUS ALOE BARBARIE FIG;12049845KA;1
C;FJJ030731LG/FJJ;ADIOR ORI WAV EUROP;12049845LG;1
C;FJJ030827AR/FJJ;TAJ SUNSET TYP+ MANGUE;12040030AR;1
C;FJJ030827AR/FJJ;TAJ SUNSET TYP+ MANGUE;12040030AR;1
C;FJJ030827AR/FJJ;TAJ SUNSET TYP+ MANGUE;12040030AR;1
C;FJJ030827EL/FJJ;SUNSET FUN;12040030EL;1
C;FJJ030830AS/FJJ;TYP KENZO AMOUR;12043224AS;1
C;FJJ030830BO/FJJ;TYP KENZO AMOUR+POIRE CITRUS;12043224BO;1
C;FJJ030830CT/FJJ;TYP KENZO AMOUR;12043224CT;1
C;FJJ030830EO/FJJ;TYP KENZO AMOUR;12043224EO;1
C;FJJ031538AC/FJJ;TYP GUILTY;12058088AC;1
C;FJJ031538AF/FJJ;TYP GUILTY+ VELTOL;12058088AF;1
C;FJJ034747AD/FJJ;ANGELSHELL;12049923AD;1
C;FJJ034870O/FJJ;DOUCE+ HS;12050416O;1
C;FJJ034870S/FJJ;DOUCE CHANCE;12050416S;1
C;FJJ034870Y/FJJ;DOUCE;12050416Y;1
C;FJJ034871C/FJJ;DELANAIS PEAR;12027149C;1
C;FJJ034871D/FJJ;DELANAIS PEAR;12027149D;1
C;FJJ035555BA/FJJ;COCO PARADISE;12055618BA;1
C;FJJ035555DC/FJJ;COCO PARADISE;12055618DC;1
C;FJJ037290C/FJJ;HYDRAPEAR;12061201C;1
C;FJJ087157F/FJJ;BABYJOJO;12029817F;1
C;FJJ088090AQ/FJJ;VIVA LA JUICY;12053980AQ;1
C;FJJ088090C/FJJ;VIVA LA JUICY;12053980C;1
C;FJJ088090K/FJJ;VIVA LA JUICY;12053980K;1
C;FJJ088090L/FJJ;VIVA LA JUICY;12053980L;1
C;FJJ088090L/FJJ;VIVA LA JUICY;12053980L;1
C;FJJ088091/FJJ;TYP HERBAL ESSENCE HELLO IDRATATION;12042532;1
C;FJJ088091/FJJ;TYP HERBAL ESSENCE HELLO IDRATATION;12042532;1
C;FJJ088091BL/FJJ;TYP HERBAL ESSENCE HELLO IDRATATION;12042532BL;1
C;FJJ088091BX/FJJ;HELLO QUINOA;12042532BX;1
C;FJJ088444AS/FJJ;PECHE +MENTHE NAIR;12055656AS;1
C;FJJ089995I/FJJ;TYP JUICY COUTURE/BEYOND PARADISE;12049433I;1
C;FJJ089995J/FJJ;TYP JUICY COUTURE/BEYOND PARADISE;12049433J;1
C;FJJ089995Q/FJJ;TYP JUICY COUTURE+ FRAIS;12049433Q;1
C;FJJ091158AT/FJJ;TYPE THE ONE + D&G;12055965AT;1
C;FJJ091158K/FJJ;TYPE THE ONE + D&G;12055965K;1
C;FJJ091158K/FJJ;TYPE THE ONE + D&G;12055965K;1
C;FJJ091516J/FJJ;J'ADORE/NARCISSO;12049164J;1
C;FJJ091723/FJJ;YOGA DREAM;12041982;1
C;FJJ091723AJ/FJJ;YOGA DREAM;12041982AJ;1
C;FJJ092195AK/FJJ;TYP CABARET CAPSULE;12052532AK;1
C;FJJ092195AK/FJJ;TYP CABARET CAPSULE;12052532AK;1
C;FJJ092195AX/FJJ;NARC CITRUS;12052532AX;1
C;FJJ092195AY/FJJ;TYP CABARET;12052532AY;1
C;FJJ092250A/FJJ;JADODREAM;12061354A;1
C;FJJ092529P/FJJ;TYP CHLOE HYPO;12055221P;1
C;FJJ101420C/FJJ;DOVE  CREMEUX;12061140C;1
C;FJJ104632F/FJJ;ROSE;12041693F;1
C;FJJ108775/FJJ;AXE DARK TEMPTATION+ COFFEE;12050770;1
C;FJJ108775AH/FJJ;AXE DARK TEMPTATION;12050770AH;1
C;FJJ108776D/FJJ;CODE MEN/SANTAL/VANILLE;12058339D;1
C;FJJ110575F/FJJ;TYP ABRICOT BUTTER;12056898F;1
C;FJJ110716A/FJJ;OMBRE ROSE/CHANEL;12042138A;1
C;FJJ111059H/FJJ;TYP RHUBARBE- PATCH;12042256H;1
C;FJJ111808A/FJJ;THE VERT ET ROSE DU DESERT;12059649A;1
C;FJJ112344K/FJJ;TYP RALPH;12054731K;1
C;FJJ112344N/FJJ;TYP RALPH;12054731N;1
C;FJJ112344S/FJJ;RALPH RASIN;12054731S;1
C;FJJ140984N/FJJ;TYP HYPNOTIC/ORANGE FLOWER +TIARÉ;12052822N;1
C;FJJ141541AB/FJJ;VERSOUNGE++;12052936AB;1
C;FJJ141541AO/FJJ;TYP OCEAN LOUNGE/I;12052936AO;1
C;FJJ141541AO/FJJ;TYP OCEAN LOUNGE/I;12052936AO;1
C;FJJ141541C/FJJ;TYP OCEAN LOUNGE/I;12052936C;1
C;FJJ141761H/FJJ;ANGEL INNOCENT TYP;12052820H;1
C;FJJ142038AI/FJJ;CHERRY R FRAISE+MINT;12050349AI;1
C;FJJ142038BC/FJJ;CHERRY R;12050349BC;1
C;FJJ142038G/FJJ;BERRY DELICIOUS;12050349G;1
C;FJJ162003A/FJJ;TABAC DE JAMAIQUE;12053333A;1
C;FJJ162004G/FJJ;TYP LE MALE/ ONE MILLION/THE ONE;12047771G;1
C;FJJ162007/FJJ;BOSS BOTTLED/FIERCE;12053699;1
C;FJJ162008/FJJ;DIOR HOMME SPORT;12053698;1
C;FJJ162151W/FJJ;AMMONIA FRAMBOISE ROSE;12049945W;1
C;FJJ162411BI/FJJ;TYP VOYAGE/ DIOR HOMME/TERRE HERMÉS;12054477BI;1
C;FJJ162415B/FJJ;FUEL SPIRIT;12053976B;1
C;FJJ162415C/FJJ;FUEL SPIRIT;12053976C;1
C;FJJ162416/FJJ;COUPABLE;12054019;1
C;FJJ162417/FJJ;DEGRE NIGHT;12054020;1
C;FJJ162461U/FJJ;AMANDE;12059905U;1
C;FJJ162625BO/FJJ;BLEU DE CHANEL+FRAIS;12051660BO;1
C;FJJ162625CQ/FJJ;BLEU DE CHANEL+FRAIS;12051660CQ;1
C;FJJ162625D/FJJ;BLEU DE CHANEL;12051660D;1
C;FJJ162625DC/FJJ;BLEU CHANEL FRAIS DEO EFFECTIVE;12051660DC;1
C;FJJ162875E/FJJ;TYP ALIEN;12056131E;1
C;FJJ162875E/FJJ;TYP ALIEN;12056131E;1
C;FJJ163246Q/FJJ;TYP FA SMOOTHIE PASSION ET PHYSALIS 2010;12052943Q;1
C;FJJ163247AE/FJJ;FRESH MANGO;12052945AE;1
C;FJJ163247AH/FJJ;FRESH MANGO;12052945AH;1
C;FJJ163391/FJJ;FJORIE040D;12059039;1
C;FJJ163391A/FJJ;FJORIE040D;12059039A;1
C;FJJ163393/FJJ;FJFRUI071EE;12050806;1
C;FJJ163393A/FJJ;FJFRUI071EE;12050806A;1
C;FJJ163471D/FJJ;TYP CHOCOCHERRY BODY SHOP;12056005D;1
C;FJJ163471D/FJJ;TYP CHOCOCHERRY BODY SHOP;12056005D;1
C;FJJ163472Q/FJJ;TRAVOLTA;12058149Q;1
C;FJJ163636AD/FJJ;TYP ONE MILLION /GRAVITY/HUGO;12056911AD;1
C;FJJ163636S/FJJ;TYP ONE MILLION /HUGO/LE MALE;12056911S;1
C;FJJ163647BN/FJJ;GREEN TEA;12052547BN;1
C;FJJ163647CA/FJJ;GREEN TEA DEO EFFECTIF;12052547CA;1
C;FJJ163647CK/FJJ;LEMON GRASS RICE;12052547CK;1
C;FJJ163648/FJJ;TYP BOSS BOTTLED +FRAIS;12047770;1
C;FJJ163648P/FJJ;TYP BOSS BOTTLED +FRAIS;12047770P;1
C;FJJ163648W/FJJ;TYP BOSS BOTTLED DEO EFFECTIV;12047770W;1
C;FJJ163924BG/FJJ;TYP SYOSS COLOR;12052742BG;1
C;FJJ164303B/FJJ;COLO PEACH;12054163B;1
C;FJJ164303E/FJJ;COLO PEACH;12054163E;1
C;FJJ164516K/FJJ;POIRE-VANILLE;12049751K;1
C;FJJ165565R/FJJ;ATHENA;12054081R;1
C;FJJ179619A/FJJ;TONKA  100% NAT;12059055A;1
C;FJJ179619A/FJJ;TONKA  100% NAT;12059055A;1
C;FJJ179619B/FJJ;TONKA  100% NAT;12059055B;1
C;FJJ179619B/FJJ;TONKA  100% NAT;12059055B;1
C;FJJ180173G/FJJ;MAGNOLIA 100% NAT;12049750G;1
C;FJJ180173G/FJJ;MAGNOLIA 100% NAT;12049750G;1
C;FJJ182206O/FJJ;POMMIER D'ÉTÉ;12056233O;1
C;FJJ182269AC/FJJ;TYP SENSUOUS;12057562AC;1
C;FJJ182269Y/FJJ;MAPLE WATER &CANNELLE;12057562Y;1
C;FJJ182932E/FJJ;L'INSTANT ALMOND;12050919E;1
C;FJJ182933Z/FJJ;BLUEBERRY LAVENDER;12057563Z;1
C;FJJ183040/FJJ;BLUEBERRY LAVENDER;12051652;1
C;FJJ225642BD/FJJ;REXONA COTTON SPIRIT;12056541BD;1
C;FJJ226020A/FJJ;TYP CY PUISSANT;12058150A;1
C;FJJ226120AD/FJJ;GRAINE DE COCO;12056373AD;1
C;FJJ226120BB/FJJ;GRAINE DE COCO ENRICHI;12056373BB;1
C;FJJ226120BF/FJJ;GRAINE DE COCO+ MONOI;12056373BF;1
C;FJJ226120DZ/FJJ;COCO LACTÉ;12056373DZ;1
C;FJJ226121A/FJJ;TYP DOLCE GABBANA MASC ORI;12056942A;1
C;FJJ226148K/FJJ;PECHE NATRUE;12056088K;1
C;FJJ226148K/FJJ;PECHE NATRUE;12056088K;1
C;FJJ226148S/FJJ;PECHE NATRUE;12056088S;1
C;FJJ226148T/FJJ;PECHE NATRUE;12056088T;1
C;FJJ226735/FJJ;FRAMBOISE;12058077;1
C;FJJ226750A/FJJ;ABRICOT BUEBCHEN;12060203A;1
C;FJJ226820N/FJJ;TYP DRAKKAR NOIR+ MENTHOL;12056267N;1
C;FJJ226972G/FJJ;BOSS ORANGE TYPE;12058151G;1
C;FJJ227215/FJJ;COLO TYP NATURAL&EASY HENKEL;12056601;1
C;FJJ227257A/FJJ;MANGO;12058952A;1
C;FJJ227347Z/FJJ;TYP HUGO ELEMENTS/COOL WATER;12055931Z;1
C;FJJ227530P/FJJ;MISS DIOR CHERIE/FLOWERBOMB;12057556P;1
C;FJJ227530Q/FJJ;MISS DIOR CHERIE/FLOWERBOMB/ COCO MAD;12057556Q;1
C;FJJ227627R/FJJ;LAIT DE COCO ALLNETQ;12056805R;1
C;FJJ227851T/FJJ;CHOCOLAT+ ORANGE+YUZU;12056236T;1
C;FJJ227966W/FJJ;SABLÉ ANIS;12056277W;1
C;FJJ228297N/FJJ;ONE MILLION TYYP;12057349N;1
C;FJJ229092J/FJJ;TYP LE MALE;12055901J;1
C;FJJ229386C/FJJ;FRAMBOISE+ CASSIS;12055939C;1
C;FJJ229606D/FJJ;VAPEUR DE RIZ KENZOKI;12056569D;1
C;FJJ229918A/FJJ;NAGAYA;12059770A;1
C;FJJ229919/JUN;MATSURI COTTON;12058950;1
C;FJJ229931A/FJJ;IKI SKY;12058779A;1
C;FJJ229932A/FJJ;EX SIFORI138D;12058316A;1
C;FJJ230392F/FJJ;CREME BRULEE;12057810F;1
C;FJJ230392F/FJJ;CREME BRULEE;12057810F;1
C;FJJ231366F/FJJ;FLEUR DE SAFRAN;12057188F;1
C;FJJ231488C/FJJ;SWEETIES;12060587C;1
C;FJJ231515X/FJJ;GREEN TEA OCC;12058091X;1
C;FJJ231587R/FJJ;BELLA JULIA;12059613R;1
C;FJJ232986/FJJ;VERVEINE AGRUMES;12057704;1
C;FJJ233139/FJJ;GRAND AIR;12062744;1
C;FJJ233408B/FJJ;AMMONIA ROSE RED WOODY;12061892B;1
C;FJJ233408C/FJJ;AMMONIA ROSE RED WOODY;12061892C;1
C;FJJ233409/FJJ;AMMONIA VIF;12062757;1
C;FJJ233430C/FJJ;ACTIVE GREEN NATRUE;12061209C;1
C;FJJ233461/ANL;IDEAL GUY;12061738;1
C;FJJ233468/DGI;INSTANT;12061200;1
C;FJJ233486R/FJJ;CASINO DOLLAR;12060497R;1
C;FJJ233538K/FJJ;GRAPE DE PECHE;12061011K;1
C;FJJ234117/FJJ;BALMATIC;12061786;1
C;FJJ234327B/FJJ;MOJITO MENTHE ORANGE;12061619B;1
C;FJJ234343/JJJ;MIEL DE FLEUR;12061077;1
C;FJJ234557/BIL;CHOCO/NOISETTE;12061427;1
C;FJJ234629X/FJJ;NUMBER FOUR;12061897X;1
C;FJJ234629X/FJJ;NUMBER FOUR;12061897X;1
C;FJJ235596/DGI;EX FJORIE026H;12061674;1
C;FRE162140B/FRE;LAVENDER & ROSEMARY PISO BEAT THE BEST FRESH MATIC;12050382B;1
C;GZQ032169G/GZQ;FLORLA FRUITY;12029785G;1
C;GZQ034046CE/GZQ;FRESH;12026474CE;1
C;GZQ034744I/GZQ;TAJ SUNSET ESCADA;12026867I;1
C;GZQ036066BV/GZQ;LUX TROPICAL FRUITY CONCEPT SHOWER GEL;12029193BV;1
C;GZQ084171AO/GZQ;FLORAL FRUITY;12029399AO;1
C;GZQ085064AD/GZQ;TROPICAL PUNCH;12029463AD;1
C;GZQ088927AR/GZQ;HS APPLE SHAMPOO;12030648AR;1
C;GZQ089325F/GZQ;MILKY BODY SOAP BOUNCIA PREMIUM FLORAL;12030370F;1
C;GZQ089325I/GZQ;MILKY BODY SOAP BOUNCIA PREMIUM FLORAL;12030370I;1
C;HHE106366AC/HHE;QUICK DRY  813748   RX-111802   TEU-H-3031;12037885AC;1
C;IFA161541I/IFA;CASSIS ET AMANDE;12059263I;1
C;IFA225128J/IFA;REGLISSE IRIS COTTAGE;12057719J;1
C;IFA225533/IFA;GUIMAUVE REGLISSE COTTAGE;12059198;1
C;IMP036716E/IMP;REVE JAPONAIS;12061862E;1
C;IMP163231F/IMP;MONOI TROPICAL;12061755F;1
C;IMP163232D/IMP;MOON CHERRY;12061630D;1
C;IMP180824N/IMP;LOTUS BLUE;12055216N;1
C;IMP181127B/IMP;APPFELSTRUDEL;12051175B;1
C;IMP182109O/IMP;LINSEED & ROSEHIP;12050946O;1
C;IMP182109S/IMP;LINSEED & ROSEHIP;12050946S;1
C;IMP182659F/IMP;DECLARATION CARTIER;12055226F;1
C;IMP182822H/IMP;PETITE MYRTILLE DGFRUI087X;12052478H;1
C;IMP182854A/IMP;BLACK XS PACO RABANNE;12055249A;1
C;IMP182856C/IMP;BOMBSHELL VICTORIA'S SECRET;12055251C;1
C;IMP182885AW/IMP;SPARKLING FINGER LIME & AGAVE;12051174AW;1
C;IMP182885G/IMP;SPARKLING FINGER LIME & AGAVE;12051174G;1
C;IMP182885K/IMP;SPARKLING FINGER LIME & AGAVE;12051174K;1
C;IMP182893J/IMP;BOIS EXOTIQUE NBWOOD023T;12052483J;1
C;IMP233603C/IMP;BLUE LEMON;12060886C;1
C;IMP233680C/IMP;FEMINITÉ DU BOIS;12061803C;1
C;IMP233770AA/IMP;LE CHAT BICARBONATE;12061444AA;1
C;IMP233770AB/IMP;LE CHAT BICARBONATE;12061444AB;1
C;IMP233821D/IMP;DIVINE IDYLL;12061105D;1
C;IMP233948/DGI;PECHE DE MARSEILLE DISH;12061283;1
C;IMP233949D/IMP;PANTENE CHINA GC;12062183D;1
C;IMP233979A/IMP;MUGUET FROM DGFLO-042G;12061194A;1
C;IMP235257B/IMP;AIR FRESHENER CHERRY;12061679B;1
C;IMP235974/NLE;NCNC129A;12062173;1
C;JDM092217A/JDM;JARDIN DE MOUSSE;12060380A;1
C;JDM092496G/JDM;ONE MILLION COLOGNE WIFI 6;12042544G;1
C;JDM092496H/JDM;ONE MILLION COLOGNE WIFI 8 EUROS;12042544H;1
C;JDM092497N/JDM;MIU MIU WIFI 15 EUROS 9 MOD;12042674N;1
C;JDM092497N/JDM;MIU MIU WIFI 15 EUROS 9 MOD;12042674N;1
C;JDM092497O/JDM;MIU MIU WIFI LCV;12042674O;1
C;JDM092497O/JDM;MIU MIU WIFI LCV;12042674O;1
C;JDM092507G/JDM;MON EXCLUSIF SCHEMA 1  6 WIFI 15 EUROS;12042545G;1
C;JDM092507G/JDM;MON EXCLUSIF SCHEMA 1  6 WIFI 15 EUROS;12042545G;1
C;JDM092507H/JDM;MON EXCLUSIF SCHEMA 1  WIFI 8 EUROS;12042545H;1
C;JDM092507H/JDM;MON EXCLUSIF SCHEMA 1  WIFI 8 EUROS;12042545H;1
C;JDM092508BP/JDM;SAUVAGE WIFI PREMIUM 25 EUROS - 15%PV;12042542BP;1
C;JDM092508S/JDM;SAUVAGE DIOR WIFI 15 EUROS 16 - 15%PP;12042542S;1
C;JDM092508S/JDM;SAUVAGE DIOR WIFI 15 EUROS 16 - 15%PP;12042542S;1
C;JDM092508T/JDM;SAUVAGE DIOR WIFI 8 EUROS  - 15%PP;12042542T;1
C;JDM092508T/JDM;SAUVAGE DIOR WIFI 8 EUROS  - 15%PP;12042542T;1
C;JDM110822K/JDM;EXTATIC SCHEMA 1 LCV ANTIAGEING PREMIUM GOLD;12041752K;1
C;JDM162960F/JDM;L'HOMME EN NOIR TBR;12054245F;1
C;JDM162960G/JDM;L'HOMME EN NOIR TURKEY;12054245G;1
C;JDM163083B/JDM;HEADSPACE CHOCOLAT BLOND;12062752B;1
C;JDM163553I/JDM;MISS DIOR BB GRAPEFRUIT SOLAIRE 50S. OF PINK;12052580I;1
C;JDM181331B/JDM;FLOWERBOMB BLACK OPIUM LEGENDA;12051238B;1
C;JDM183220M/JDM;MADELEINE CHOCOLAT;12060900M;1
C;JDM183226B/JDM;CANNELE BORDELAIS;12052540B;1
C;JDM231297G/JDM;INVICTUS 15%PP SCHEMA 1;12060636G;1
C;JDM231297U/JDM;INVICTUS LAPIDUS;12060636U;1
C;JDM231335K/JDM;BONBON TYPE TURKEY 3 - 18%PP;12060722K;1
C;JDM231335K/JDM;BONBON TYPE TURKEY 3 - 18%PP;12060722K;1
C;JDM231370F/JDM;MURE GELEE;12060984F;1
C;JDM231375Y/JDM;FRAMBOISE;12061247Y;1
C;JDM231617S/JDM;POMME BASE 69 LENHART;12060579S;1
C;JDM231617X/JDM;POMME HYPO LENHART;12060579X;1
C;JDM231633K/JDM;BOIS D'ENCENS INGREDIENT FACTORY - 12%PP;12062047K;1
C;JDM231635AQ/JDM;EAU D'AMBROX PROACTIVE L'OREAL - 12%PP;12060642AQ;1
C;JDM231704L/JDM;FIGUE VERTE;12061516L;1
C;JDM231704M/JDM;FIGUE CHAIRE;12061516M;1
C;JDM231777E/JDM;CYPRES ETERNEL KAYA  BROOKE SAMPLE;12061008E;1
C;JDM231878G/JDM;ACCORD TARTELETTE;12060597G;1
C;JDM231878K/JDM;APPLE PIE;12060597K;1
C;JDM231878Q/JDM;TARTELETTE FRAISE;12060597Q;1
C;JDM231900E/JDM;THE PECHE;12061393E;1
C;JDM231904C/JDM;GIORGIO KAYA MARIPOLE BEACH WALK;12061028C;1
C;JDM231958G/JDM;DIOR HOMME SCHEMA 1;12061476G;1
C;JDM232113D/JDM;MELON;12060189D;1
C;JDM232133M/JDM;INFUSION D'IRIS ET ROSE KORRES;12061593M;1
C;JDM232192C/JDM;D&G FEMME COCO MLLE LEGENDA;12061260C;1
C;JDM232193Q/JDM;LOVE CHLOE DAIM LCV LENHART;12060804Q;1
C;JDM232265I/JDM;BODY KOUROS PUMA;12061226I;1
C;JDM232278AG/JDM;EAU D'ORANGE MONSIEUR LI LASCAD;12061479AG;1
C;JDM232305S/JDM;FENUGREC VETIVER & IMMORTELLE 12 - 12%PP;12062029S;1
C;JDM232306F/JDM;MANIFESTO SCHEMA  LEGENDA;12060645F;1
C;JDM232454X/JDM;HUGO GRAPHIC BLACK MICHALSKY GUILTY;12060944X;1
C;JDM232511E/JDM;ACQUA DI GIOIA ESSENZA SCHEMA 1;12061070E;1
C;JDM232511U/JDM;ACQUA DI GIOIA L'ETOILE RUSSIE;12061070U;1
C;JDM232851E/JDM;SI SCHEMA LEGENDA;12061018E;1
C;JDM232851G/JDM;SI MACARON CASSIS LEGENDA;12061018G;1
C;JDM232972V/JDM;EAU DE COCO PROACTIVE L'OREAL - 12%PP;12060716V;1
C;JDM232994A/JDM;BANG BANG TYPE 1;12061693A;1
C;JDM232994D/JDM;BANG BANG SCHEMA TURKEY;12061693D;1
C;JDM233078I/JDM;MAGNOLIA JAHWA;12060877I;1
C;JDM233078L/JDM;MAGNOLIA BLANC;12060877L;1
C;JDM233079AH/JDM;EAU DES MERVEILLES TURKEY 4 - 18%PP;12060936AH;1
C;JDM233079AH/JDM;EAU DES MERVEILLES TURKEY 4 - 18%PP;12060936AH;1
C;JDM233079E/JDM;EAU MERVEILLES  LCV ANTIAGEING PREMIUM GOLD;12060936E;1
C;JDM233308H/JDM;DAISY SCHEMA LCV L'ETOILE RUSSIE;12060882H;1
C;JDM233340AG/JDM;SPICEBOMB ROSE KORRES;12061123AG;1
C;JDM233432D/JDM;JOUR D'HERMES ABSOLU DAIM LEGENDA;12060650D;1
C;JDM233502G/JDM;ACTIVESPORT EDT SLAZENGER TYPE 1;12061463G;1
C;JDM233502M/JDM;ACTIVESPORT EDT SLAZENGER TYPE 1;12061463M;1
C;JDM233560I/JDM;LIGHT BLUE APPLE PIE LEGENDA;12061138I;1
C;JDM233569C/JDM;CAMOMILLE & LAIT DE TONKA PROACTIVE L'OREAL;12062781C;1
C;JDM233570C/JDM;TARTE RHUBARBE;12062748C;1
C;JDM233615P/JDM;ENCENS SATIN ARMANI SCHEMA 1  7;12061704P;1
C;JDM233615P/JDM;ENCENS SATIN ARMANI SCHEMA 1  7;12061704P;1
C;JDM233744J/JDM;HYPNOTIC POISON FIGUE 50SH OF PINK;12062297J;1
C;JDM233745C/JDM;MALABAR AMBROXAN 50 SHADES OF PINK;12061835C;1
C;JDM233768E/JDM;CREME DE MARRON;12062745E;1
C;JDM233816A/JDM;MACARON;12062737A;1
C;JDM233830C/JDM;SONIA RYKIEL LE PARFUM SCHEMA LCV;12061109C;1
C;JDM233858E/JDM;VIG L'EAU EN ROSE SCHEMA 1;12060679E;1
C;JDM234021B/JDM;LOLITA LEMPICKA  MEN PUMA;12060842B;1
C;JDM234143C/JDM;GUCCI HOMME II TURKEY;12061757C;1
C;JDM234186/JDM;FRUCTI NUTRI REPAIR 3 OILS TYPE 1;12062735;1
C;JDM234227A/JDM;REM TYPE 1;12060990A;1
C;JDM234242B/JDM;EAU DUELLE LEGENDA  - 12%PP;12061641B;1
C;JDM234562B/JDM;TARTELETTE ABRICOT AMANDE;12062741B;1
C;JDM234563B/JDM;MACARON FRAMBOISE;12061256B;1
C;JDM235334B/JDM;TOM FORD NOIR SCHEMA 1;12062301B;1
C;JJJ019883CC/JJJ;T INFUSION D''IRIS FRAIS LIGHT BLUE;12051075CC;1
C;JJJ019883CS/JJJ;INFUSION D''IRIS FRAIS 12E;12051075CS;1
C;JJJ019883EH/JJJ;220EG OK;12051075EH;1
C;JJJ021588AQ/JJJ;H&S EAU DE GIV POUR P&G VIET NAM;12057175AQ;1
C;JJJ021589AF/JJJ;302U/ IFRA 3%;12055946AF;1
C;JJJ021589AL/JJJ;TENDRE PARISIENNE;12055946AL;1
C;JJJ021779BS/JJJ;ROSE THE ONE PANTENE / IFRA3%;12038987BS;1
C;JJJ021780D/JJJ;LOLA SHAMPOO DELICIEOUS;12057551D;1
C;JJJ021937BH/JJJ;BAD OEILLET - AR ICC;12050501BH;1
C;JJJ023052P/JJJ;MYRTILLE PCMF HYPO;12056877P;1
C;JJJ027480BJ/JJJ;FRAMBOISE HYPO BUBCHEN;12055792BJ;1
C;JJJ027480CF/JJJ;YAOURT FRAMBOISE 4.5E;12055792CF;1
C;JJJ027480DA/JJJ;VIVA LA FRAMBOISE DIOR HOMME;12055792DA;1
C;JJJ027481X/JJJ;ADAPT AROME CASSIS;12058485X;1
C;JJJ027482BS/JJJ;USHUAIA MANGUE POUR AROME MANGUE;12053707BS;1
C;JJJ028126MC/JJJ;VIVA GLAM 90 OK SAFE = PUNK FLOWER;12046596MC;1
C;JJJ028126NK/JJJ;FRANGIPANI PEAU QUI CHAUFFE;12046596NK;1
C;JJJ028128H/JJJ;CT LOVERDOSE 9EUROS;12055829H;1
C;JJJ028128O/JJJ;CT LOVERDOSE NINA;12055829O;1
C;JJJ029495B/JJJ;WHITE MUSK DIOR HOMME;12056894B;1
C;JJJ031534AR/JJJ;REINE DE LA NUIT 8;12047578AR;1
C;JJJ031534BK/JJJ;CODE FLEUR D'ORANGER OUD;12047578BK;1
C;JJJ031534F/JJJ;CODE FLEUR D'ORANGER OUD BOUGIE;12047578F;1
C;JJJ031535D/JJJ;SPICE BOMB  9EUROS;12056731D;1
C;JJJ031535I/JJJ;SPICE BOMB 15 EUROS;12056731I;1
C;JJJ031572/JJJ;EAU D4ISSEY SPORT;12057079;1
C;JJJ032940H/JJJ;CHANCE EAU TENDRE FLORAL + DAISY BIG;12050252H;1
C;JJJ033713CQ/JJJ;POUDRE D'EMERAUD ORANGE;12049145CQ;1
C;JJJ033713J/JJJ;POUDRE DE RIZ;12049145J;1
C;JJJ033713W/JJJ;TOBIRA PITOSPORUM SUR POUDRE LAIT;12049145W;1
C;JJJ033745L/JJJ;T FLOWER IN THE AIR OSMANTHUS SOLAIRE 15E;12057636L;1
C;JJJ033745M/JJJ;T FLOWER IN THE AIR OSMANTHUS SOLAIRE 8E;12057636M;1
C;JJJ033746AP/JJJ;CIPY CRME KORRES;12039640AP;1
C;JJJ034723X/JJJ;ACCORD AIR;12048213X;1
C;JJJ034723X/JJJ;ACCORD AIR;12048213X;1
C;JJJ034724BY/JJJ;CUBA LIBRE 15 EUROS CATWALK;12047957BY;1
C;JJJ034724BZ/JJJ;CUBA LIBRE 8 EUROS CATWALK;12047957BZ;1
C;JJJ085834AK/JJJ;POMME D'AMOUR UDV 10%PV;12037531AK;1
C;JJJ085836KE/JJJ;CT FIERCE ABERCOMBIE ORANGE SANTAL COUMARINE;12047797KE;1
C;JJJ086931AE/JJJ;VANILLE SALEE;12054682AE;1
C;JJJ086932U/JJJ;ESCALE À PONDICH ANGE SECRET;12055818U;1
C;JJJ089217CG/JJJ;HUGO RED CHER;12040037CG;1
C;JJJ089217M/JJJ;HUGO RED BOOST;12040037M;1
C;JJJ090240K/JJJ;ARMANI SI  MOINS CHYPRE MOINS CASSIS;12040836K;1
C;JJJ090240O/JJJ;ARMANI SI 7 EUROS ICC;12040836O;1
C;JJJ090276EK/JJJ;ROSE LOUKOUM 2012 15 EUROS;12055837EK;1
C;JJJ090276EL/JJJ;ROSE LOUKOUM 2012 8 EUROS;12055837EL;1
C;JJJ090879AD/JJJ;MADLY MEAN;12041463AD;1
C;JJJ090879S/JJJ;MADLY MEAN;12041463S;1
C;JJJ090879W/JJJ;MADLY MEAN;12041463W;1
C;JJJ091161GH/JJJ;TWEET KENZO;12046529GH;1
C;JJJ091161L/JJJ;TOM 2012 LACTE PUIG;12046529L;1
C;JJJ091684B/JJJ;LOVE STORY WIFI 8 EUROS;12042445B;1
C;JJJ091797AJ/JJJ;JJKF-045G MOD ICC;12054182AJ;1
C;JJJ092045H/JJJ;T BLACK OPIUM;12041961H;1
C;JJJ105674GH/JJJ;ARMANI CODE BOSS BOTTLE HENKEL DO ++;12047098GH;1
C;JJJ106936A/JJJ;STAR  JASMIN INCANTO BLOOM;12052906A;1
C;JJJ107693DE/JJJ;T VIVA LA JUICY FRAIS AMOR 6E;12041843DE;1
C;JJJ108217I/JJJ;VIP COUSCOUS;12056282I;1
C;JJJ108486CR/JJJ;BOSS 3ALL  4EUROS AUTOMATE;12040088CR;1
C;JJJ108486CU/JJJ;BOSS BOTTLE OF VODKA LB;12040088CU;1
C;JJJ108486ED/JJJ;BOSS 3ALL  4EUROS OK ORIFLAME;12040088ED;1
C;JJJ108592D/JJJ;FAHRENHEIT TERRE À 7EU;12043379D;1
C;JJJ108592E/JJJ;FAHRENHEIT À 7EU AUTOMATE;12043379E;1
C;JJJ108937D/JJJ;ONKENZ001AB;12040710D;1
C;JJJ112343A/JJJ;CANDY PRADA DOUCHE;12053777A;1
C;JJJ112343AB/JJJ;CANDY PRADA UDV 10%  7 EUROS;12053777AB;1
C;JJJ112343X/JJJ;CANDY PRADA UDV 10%  7 EUROS;12053777X;1
C;JJJ132241LC/JJJ;DANDY WOOD 15EUROS 2013 *******;12050566LC;1
C;JJJ132241LD/JJJ;DANDY WOOD 8EUROS 2013 *******;12050566LD;1
C;JJJ143233BV/JJJ;TYPE AQDW POUR J&J 26 FREE;12057567BV;1
C;JJJ143485BM/JJJ;PARTOUZE PARFUM ORGIE;12059049BM;1
C;JJJ143485BP/JJJ;PARTOUZE PARFUM ORGIE;12059049BP;1
C;JJJ148184A/JJJ;LA VIE EST BELLE 15EUROS CATWALK;12053068A;1
C;JJJ150845DE/JJJ;RALPH FEAU DE FLEUR DE PRUNIER;12058122DE;1
C;JJJ159147M/JJJ;T BELLE D'OPIUM TWISTE ORIE114;12057094M;1
C;JJJ160370AJ/JJJ;GOLDWOOD GIRO;12055824AJ;1
C;JJJ160370PM/JJJ;TUXEDO 250 11 EUROS;12055824PM;1
C;JJJ160805AX/JJJ;LAVANDAMIEL NEFERTITY;12055814AX;1
C;JJJ161472AF/JJJ;CASH CASHMERAN ******* POUR TABOO;12057395AF;1
C;JJJ161637BX/JJJ;CHERRY LONDON ACCORD;12053064BX;1
C;JJJ161637EM/JJJ;CHERRY EAU;12053064EM;1
C;JJJ161663I/JJJ;HEADSPACE FRANGIPANIER + TIARE MONOI;12056086I;1
C;JJJ161722D/JJJ;FARINE CEDRE POUR KALINA;12054699D;1
C;JJJ161890BN/JJJ;CHAMALOW FREESIA KENZOKI;12048082BN;1
C;JJJ161930S/JJJ;T INSOLENCE 7E;12053675S;1
C;JJJ161930Z/JJJ;T INSOLENCE 7E;12053675Z;1
C;JJJ161932O/JJJ;NAGOYA SALON SUR LE NIL;12053512O;1
C;JJJ161936CH/JJJ;SECONDE PEAU;12048079CH;1
C;JJJ161937CO/JJJ;PARFUM BOULE;12048081CO;1
C;JJJ161937EA/JJJ;PARFUM BOULE;12048081EA;1
C;JJJ161938CI/JJJ;MATERNITEE ARGENTEE CHLOE;12048080CI;1
C;JJJ161938N/JJJ;OOD ARGENT;12048080N;1
C;JJJ162233AI/JJJ;GREY APPLE 237AH ICC;12049251AI;1
C;JJJ162233I/JJJ;GREY APPLE;12049251I;1
C;JJJ162324DH/JJJ;JASMIN FRAISE LIGHT BLUE ICC;12050516DH;1
C;JJJ162325AO/JJJ;ANOTHER BAD GIRL;12050380AO;1
C;JJJ162325L/JJJ;ANOTHER COLOGNE GIVENCHY;12050380L;1
C;JJJ162413CF/JJJ;POUR UN HOMME GOURMAND GIVENCHY;12054021CF;1
C;JJJ162413DP/JJJ;POUR UN HOMME GOURMAND PUMA;12054021DP;1
C;JJJ162418/JJJ;EAU DE NUIT ARMANI RIKIKI;12051648;1
C;JJJ162418A/JJJ;EAU DE NUIT ARMANI RIKIKIKIKIKIKIKI;12051648A;1
C;JJJ162418E/JJJ;EAU DE NUIT NOIR TUSCAN;12051648E;1
C;JJJ162418F/JJJ;EAU DE NUIT NOIR TUSCAN;12051648F;1
C;JJJ162418R/JJJ;EAU DE LA  NUIT PUISSANCE  PUMA;12051648R;1
C;JJJ162418S/JJJ;EAU DE LA  NUIT  PUMA;12051648S;1
C;JJJ162605E/JJJ;L'EAU DE LA;12055782E;1
C;JJJ162605E/JJJ;L'EAU DE LA;12055782E;1
C;JJJ162851Y/JJJ;TECHNICOLOR D SQUARE;12056772Y;1
C;JJJ162977J/JJJ;TEMPERO BAIANO;12058252J;1
C;JJJ162977N/JJJ;TEMPERO BAIANO;12058252N;1
C;JJJ163200CC/JJJ;COTON MUSK 6.5 E;12053858CC;1
C;JJJ163200CQ/JJJ;MUSK XX MOON FLOWER;12053858CQ;1
C;JJJ163200H/JJJ;COTON MUSK 6.5 E;12053858H;1
C;JJJ163317C/JJJ;SUPRA CUIR ...;12053877C;1
C;JJJ163394C/JJJ;CACHACA BYLAARDT;12057739C;1
C;JJJ163394I/JJJ;CACHACA DREAM AMBRETTE;12057739I;1
C;JJJ163395D/JJJ;TABAC DU BRESIL ARNAUD;12058819D;1
C;JJJ163484CA/JJJ;MER;12057298CA;1
C;JJJ163484CD/JJJ;SABLE BLANC;12057298CD;1
C;JJJ163484CR/JJJ;SABLE BLANC;12057298CR;1
C;JJJ163484CR/JJJ;SABLE BLANC;12057298CR;1
C;JJJ163833Z/JJJ;EAU DE CARTIER O BOTICARIO;12053507Z;1
C;JJJ163866D/JJJ;MIDNIGHT ROSE;12053051D;1
C;JJJ164132BG/JJJ;MIMOSA BLANC SEL MARIN;12050616BG;1
C;JJJ164589B/JJJ;VIVA CHERRY;12052880B;1
C;JJJ164669BA/JJJ;YAOURT REGLISSE;12056997BA;1
C;JJJ164669BI/JJJ;YAOURT REGLISSE;12056997BI;1
C;JJJ164798U/JJJ;CT TAHITI BOIS DES TROPIQUES 5.5E;12056678U;1
C;JJJ165369R/JJJ;VINTAGE 5%PP;12053783R;1
C;JJJ165369R/JJJ;VINTAGE 5%PP;12053783R;1
C;JJJ165369S/JJJ;VINTAGE SILVER;12053783S;1
C;JJJ165438/JJJ;BODY BURBERRY 8 EUROS;12056798;1
C;JJJ165438I/JJJ;BODY BURBERRY 8 EUROS;12056798I;1
C;JJJ177446BW/JJJ;LA NUIT DE L'HOMME;12057256BW;1
C;JJJ178842I/JJJ;CT STRAWBERRY MILK 5E;12057578I;1
C;JJJ178842N/JJJ;CT STRAWBERRY MILK 5E;12057578N;1
C;JJJ180519D/JJJ;INCENSE OUD;12049055D;1
C;JJJ180519L/JJJ;INCENSE OUD;12049055L;1
C;JJJ181701BI/JJJ;SAKURA SLING;12056262BI;1
C;JJJ203637CN/JJJ;YUZU FLOWER COLOGNE MUGLER;12055605CN;1
C;JJJ206857AW/JJJ;759AC FIERCE;12055937AW;1
C;JJJ206857AY/JJJ;JAN4027/759L APS MODRNISÉ;12055937AY;1
C;JJJ206869AD/JJJ;PEAU QUI CHAUFFE;12055589AD;1
C;JJJ206902AN/JJJ;ROUGE A LEVRE 125O 2012;12059653AN;1
C;JJJ206926D/JJJ;T SENSI POUR LEGENDA;12061530D;1
C;JJJ207243CB/JJJ;JAN3454/VARIATION 010 POUR CADUM EDT BEBE 26 FREE;12055853CB;1
C;JJJ207476AR/JJJ;MAT ZEN VEGETABLE CAVIAR;12057967AR;1
C;JJJ207492AE/JJJ;FEU PREHISTOIRE;12059969AE;1
C;JJJ209649AF/JJJ;DOVE CREME AMOR AMOR HYDROSOL NON COLOR;12056320AF;1
C;JJJ209649M/JJJ;DOVE CREME AMOR AMOR;12056320M;1
C;JJJ216520BQ/JJJ;**AGARWOOD PUIG 2011;12056856BQ;1
C;JJJ216520BQ/JJJ;**AGARWOOD PUIG 2011;12056856BQ;1
C;JJJ216520BZ/JJJ;OUD BODY SHOP 12E;12056856BZ;1
C;JJJ217943J/JJJ;JAN4123/T AROM CAFFE ZULPICH;12059006J;1
C;JJJ218675BC/JJJ;CRISTE CARAMBOLE MENTHE HYPO;12055817BC;1
C;JJJ221214BQ/JJJ;WHITE MUSK ALDEHYDÉ TYPE PARFUM DE COEUR;12057289BQ;1
C;JJJ221839A/JJJ;LOTUS MIMOSA PTIT MARS;12056981A;1
C;JJJ221839A/JJJ;LOTUS MIMOSA PTIT MARS;12056981A;1
C;JJJ222145H/JJJ;HEADSMACE KUMQUAT TEC;12056036H;1
C;JJJ222145J/JJJ;HEADSMACE KUMQUAT TEC;12056036J;1
C;JJJ223879AA/JJJ;FARINE VETIVER 9EUROS;12058099AA;1
C;JJJ223879AA/JJJ;FARINE VETIVER 9EUROS;12058099AA;1
C;JJJ224748AD/JJJ;FLORA GUCCI LIGHT IODÉ;12056092AD;1
C;JJJ225598AI/JJJ;MAGNOLIA SUR JJSF DUPONT;12055819AI;1
C;JJJ226303/DLK;CHAMALOW FLOWER TOBIRA PITOSPORUM;12056874;1
C;JJJ226475Z/JJJ;PECHE GINGEMBRE;12055719Z;1
C;JJJ226663A/JJJ;ACCORD CAPOTE;12059383A;1
C;JJJ226663A/JJJ;ACCORD CAPOTE;12059383A;1
C;JJJ226681D/JJJ;ACCORD SANG;12059308D;1
C;JJJ226681D/JJJ;ACCORD SANG;12059308D;1
C;JJJ226681E/JJJ;ACCORD MORT;12059308E;1
C;JJJ226681G/JJJ;ACCORD SANG/FRAMBOISE;12059308G;1
C;JJJ226956B/JJJ;T PARLEZ MOI D'AMOUR HYDROSOLUBLE;12058250B;1
C;JJJ227622B/JJJ;JEAN JACQUES ORIFLAME DK ++;12056250B;1
C;JJJ228372P/JJJ;HUILE PRODIGIEUSE DE SANTAL;12056833P;1
C;JJJ228375G/JJJ;HEAD ANDS SHOULDER  PEAU;12059598G;1
C;JJJ228706D/JJJ;ANGE OU DEMON;12055604D;1
C;JJJ228939/JJJ;NBCHYP005 MOD QUALITATIVE;12057183;1
C;JJJ229005E/JJJ;SUR AXE BOOST POUR CONCEPT FEU;12058999E;1
C;JJJ229005E/JJJ;SUR AXE BOOST POUR CONCEPT FEU;12058999E;1
C;JJJ229005E/JJJ;SUR AXE BOOST POUR CONCEPT FEU;12058999E;1
C;JJJ229087CY/JJJ;PATCHOULI BLANC COUREGE;12059116CY;1
C;JJJ229305S/JJJ;CUIR DE OUD 2 MOD PUISSANCE;12055741S;1
C;JJJ229547C/JJJ;AJMAL TYPE OUD MITSOUKO;12055690C;1
C;JJJ229693C/JJJ;NJWOOD062B  MOD COTTON MATSURI MASCULIN ISSEY SPOR;12057378C;1
C;JJJ229693D/JJJ;TABAC COLOGNE LEATHER;12057378D;1
C;JJJ229702A/JJJ;BENIHI PARTY CANDLE;12059437A;1
C;JJJ230049CB/JJJ;VIOLETTE ROSE;12057494CB;1
C;JJJ230462H/JJJ;HAREM   NR;12058025H;1
C;JJJ230992C/JJJ;SILVER SCENT ONE MILLION RIFLAME;12058011C;1
C;JJJ230992D/JJJ;SILVER SCENT ONE MILLION RIFLAME;12058011D;1
C;JJJ231030/JJJ;ACCRORD PREHISTOIRE SILEX;12058174;1
C;JJJ231109A/JJJ;HERBE INFUSION PREHISTOIRE;12058173A;1
C;JJJ231721B/JJJ;MIEL DE VIEUX;12058199B;1
C;JJJ231986A/JJJ;ALDRON CHAUFEE;12059239A;1
C;JJJ233199EY/JJJ;DRIVE ME NUTS HELENE;12060633EY;1
C;JJJ233209/TAK;TAYN-005L MOD;12060960;1
C;JJJ233210B/JJJ;TKYN002T MOD;12061714B;1
C;JJJ233211A/JJJ;TAYN-003V MOD;12061629A;1
C;JJJ233212/TAK;TAKO-002L MOD;12061126;1
C;JJJ233332AX/JJJ;LOVE ME TINDER - 40AC SUR BASE AD;12061583AX;1
C;JJJ233552AW/JJJ;TUXEDO 45   ANS CACAO;12061187AW;1
C;JJJ233553AQ/JJJ;TOBACO VANILLE MATERNITÉ TIARÉ;12061494AQ;1
C;JJJ233696C/JJJ;MUSC LACTEE PEAU DE BÉBÉ;12061834C;1
C;JJJ233696K/JJJ;MUSC LACTEE PEAU DE BÉBÉ;12061834K;1
C;JJJ233923D/JJJ;PINANA FLORAL JASMIN;12061564D;1
C;JJJ233995A/JJJ;GLC AUTO EAU D'HDRIEN COLOGNE UDV;12061203A;1
C;JJJ234412/FJJ;FJFOUG003C QUI SENT BON;12060695;1
C;JJJ292849KI/JJJ;FOUROSESIU SUR BASE IW;12063816KI;1
C;JSA028227C/JSA;VANILLE AIRFRESHENER;12056965C;1
C;JSA029307AF/JSA;TOMATE;12039813AF;1
C;JSA032142K/JSA;FRESCOR LAUNDRY ENCAPS SANS FORMAL;12041658K;1
C;JSA032351AD/JSA;CHOCOLAT NOIR;12047381AD;1
C;JSA032351AF/JSA;CHOCOLAT EPICES;12047381AF;1
C;JSA032351AI/JSA;VETICHOC;12047381AI;1
C;JSA032351CN/JSA;CHOCOLAT NOIR SHOWER GEL;12047381CN;1
C;JSA032351H/JSA;CHOCOLAT MOUSSE;12047381H;1
C;JSA033069B/JSA;PIN CAPSULES SOFTENER SANS FORMALDEHYDE;12041012B;1
C;JSA033069C/JSA;PIN CAPSULES SOFTENER SANS FORMALDEHYDE;12041012C;1
C;JSA033070D/JSA;CLEAN LAUNDRY CASPULES SANS FORMALD;12041584D;1
C;JSA033072BJ/JSA;CHLOE SOFTENER WO LILIAL;12037935BJ;1
C;JSA033072CQ/JSA;CHLOE ENCAPS SANS FORMAL POUR ASSOUPLISSANT;12037935CQ;1
C;JSA034536C/JSA;CHAMALLOW;12043265C;1
C;JSA036365A/JSA;POMME CAPSULES SANS FORMALD ASSOUPLISSANT;12058833A;1
C;JSA036466B/JSA;CAFE CANDLE;12055757B;1
C;JSA090819X/JSA;CASHMERE VANILLE ECOLABEL;12055234X;1
C;JSA106938P/JSA;TOMMY YUZU CRANBERRY DEO;12056799P;1
C;JSA108768D/JSA;FLEUR DE FENOUIL;12057327D;1
C;JSA108770A/JSA;YUZU WILD BERRY;12057879A;1
C;JSA108967A/JSA;ROSE BEAUTY BARSOAP;12040152A;1
C;JSA110429/JSA;SO KLIN PINK COTTON SOFTENER;12056873;1
C;JSA110965A/JSA;LEMON FLOOR CLEANER;12055895A;1
C;JSA111782A/JSA;MOJITO BANANE;12059533A;1
C;JSA111804T/JSA;ROMANCE SOAP;12056759T;1
C;JSA111809M/JSA;SPECULOS POTIRON;12047379M;1
C;JSA140698S/JSA;ENO;12056309S;1
C;JSA161001AN/JSA;TOMMY GIRL PISO;12055702AN;1
C;JSA161001AP/JSA;TOMMY GIRL AEROSOL;12055702AP;1
C;JSA162121C/JSA;GRENADINE LIPSTICK;12045570C;1
C;JSA162673E/JSA;ED HARDY GAGA FOR WOMAN;12052975E;1
C;JSA162673U/JSA;ED HARDY GAGA FOR WOMAN;12052975U;1
C;JSA164224F/JSA;PROPRE;12057162F;1
C;JSA164224O/JSA;PROPRE;12057162O;1
C;JSA164224P/JSA;PROPRE SALE;12057162P;1
C;JSA165269P/JSA;TARTOPOM;12056243P;1
C;JSA176185BW/JSA;JUICY PECHE SHOWER BUTTER;12046419BW;1
C;JSA176824D/JSA;LOTUS  ECOCERT;12055199D;1
C;JSA181262/JSA;PANTENE H&S COEUR;12057254;1
C;JSA226123D/JSA;GIACO;12056186D;1
C;JSA226138/JSA;MARINE;12056370;1
C;JSA226149C/JSA;CASSIS FANTAISIE;12060281C;1
C;JSA226402D/JSA;MIEL;12056517D;1
C;JSA226402F/JSA;MIEL;12056517F;1
C;JSA226495L/JSA;ALIEN;12056736L;1
C;JSA226673/JSA;IRIS NEROLI;12058075;1
C;JSA226701B/JSA;FLEUR D'ORANGER ECOCERT HYPO;12057386B;1
C;JSA226929/JSA;GINGER LEMON;12056719;1
C;JSA227049C/JSA;LAVANDE ECOCERT DET LIQ;12056193C;1
C;JSA227235A/JSA;SWEET ORANGE HDWL;12058960A;1
C;JSA227540A/JSA;GRAPE;12058373A;1
C;JSA227631/JSA;ABRICOT ECOCERT;12055662;1
C;JSA227688A/JSA;CERISE ECOCERT;12059050A;1
C;JSA227697A/JSA;CRISTE MARINE ECOCERT;12055780A;1
C;JSA228184/JSA;ERBA FRESCA HDWL;12055786;1
C;JSA228194H/JSA;OLIVE AMANDE ET FIGUE;12056512H;1
C;JSA228649J/JSA;GOLD CHOC BOUGIE;12056308J;1
C;JSA228649P/JSA;ACQUA GOLD CHOC SHOWER GEL;12056308P;1
C;JSA228970C/JSA;AMANDE HYPONATAK;12058650C;1
C;JSA228970C/JSA;AMANDE HYPONATAK;12058650C;1
C;JSA228970C/JSA;AMANDE HYPONATAK;12058650C;1
C;JSA229071/JSA;LENOR MISTERY MAYA;12056750;1
C;JSA229163B/JSA;FLOWER APC;12057226B;1
C;JSA229255/JSA;ABRICOT HYPONATAK;12058649;1
C;JSA229255/JSA;ABRICOT HYPONATAK;12058649;1
C;JSA229261B/JSA;J'ADORE AVEC LILIAL SUB;12057720B;1
C;JSA229282G/JSA;GRENADE ROMANCE CARE SHAMPOO;12055615G;1
C;JSA229322/JSA;BABY FLORAL BARSOAP;12056855;1
C;JSA229791C/JSA;ONWIST MOD PERSONAL CARE;12059232C;1
C;JSA229826R/JSA;KOSME SOFT CHYPREMARIN;12055659R;1
C;JSA229848B/JSA;POMME D'AMOUR;12058638B;1
C;JSA229872A/JSA;YUZU;12056834A;1
C;JSA230123C/JSA;MAGNOLIA OLIVIA SOFTENER;12057158C;1
C;JSA230263A/JSA;LENOR BLEU APRILFRISCH;12057300A;1
C;JSA230284F/JSA;ONE MILLION SOFT;12057199F;1
C;JSA230602F/JSA;SOUPLINE GRAND AIR CARAMEL;12057573F;1
C;JSA230931D/JSA;ANGIE POMME HAIRCARE;12057407D;1
C;JUN016370AL/JUN;CCA;12011070AL;1
C;JUN016893B/JUN;DARIYA BE COOL  DIOR HOMME;12011204B;1
C;JUN032859U/JUN;BEAUX ARTS ;12024808U;1
C;KKE162475S/KKE;ROSES APPLE;12049910S;1
C;KKE164832I/KKE;RAINFOREST FOR BEAT THE BEST RB FRESHMATIC;12050403I;1
C;KKE180115F/KKE;L'OREAL ULTRA DOUX;12048767F;1
C;KKE180677H/KKE;MJVANI084A PISO RB BEAT BEST EU PISO;12050199H;1
C;KKE180677R/KKE;MJVANI084A PISO RB BEAT BEST EU FRESHMATIC;12050199R;1
C;KOH014405BE/KOH;TEPL IMPR KO-GTEA-040BD;12009035BE;1
C;LFA224330O/DLK;CH1-MYRTILLE VANILLE HYPO FOR PTIT DOP;12060202O;1
C;MAR017549J/MAR;WATERMELON;12056059J;1
C;MAR105082A/MAR;VERNEL HIBISCUS;12038123A;1
C;MAR163464A/MAR;MIMOSA (DOP);12056745A;1
C;MAR165370Z/MAR;APPLE GUSTARD CRUMBLE DESIRE PG 10% PYRAZINES;12058516Z;1
C;MGU161723/MGU;BOIS DE CHATAIGNER RWK AJORIE020AG;12058377;1
C;MGU201896M/MGU;NINA GIVRE LILIAL FREE;12057864M;1
C;MGU223085J/MGU;T* KENZO POWER GD;12056829J;1
C;MLE165597F/MLE;MISSONI EDP - 19%PP - 2V 1;12062223F;1
C;MLE165597F/MLE;MISSONI EDP - 19%PP - 2V 1;12062223F;1
C;MLE235090AY/FIK;GIRL ON FIRE 163 - 15%PP;12062169AY;1
C;MLE294636A/MLE;PRADA L'HOMME 6 25€ - 13%PP;12064674A;1
C;MLE294636A/MLE;PRADA L'HOMME 6 25€ - 13%PP;12064674A;1
C;MLE294636C/MLE;PRADA L'HOMME 8€ 1 - 13%PP;12064674C;1
C;MLE294636C/MLE;PRADA L'HOMME 8€ 1 - 13%PP;12064674C;1
C;MLE294636E/MLE;PRADA L'HOMME 15€ /1 - 13%PP;12064674E;1
C;MLE294636E/MLE;PRADA L'HOMME 15€ /1 - 13%PP;12064674E;1
C;NBO027483/NBO;CITRON ZEST KIDS RWK  6E;12055681;1
C;NBO087875I/NBO;ROSE PS WATER BASE 2;12056159I;1
C;NBO105920C/NBO;CHAMPACA DEMO 4;12037530C;1
C;NBO165372/NBO;LEATHER 9E SG 1;12053778;1
C;NBO221654M/NBO;AMBRE 83 /OUDH 1;12055692M;1
C;NBO224050J/NBO;MALABAR HS 4;12058745J;1
C;NBO224124G/NBO;HS TAGADA TSOUIN TSOUIN 003 MOD;12058735G;1
C;NBO224126/NBO;NOUNOURS HARIBO HS;12058709;1
C;NBO224520H/NBO;HS DRAGIBUS 002 /100;12056673H;1
C;NBO224520H/NBO;HS DRAGIBUS 002 /100;12056673H;1
C;NBO224521C/NBO;HS CARENSAC HARIBO SHOWER GEL;12058744C;1
C;NBO225912F/NBO;AMBRE NUIT 2;12055771F;1
C;NBO226032I/NBO;SELYS 3;12056045I;1
C;NBO226032J/NBO;TAGADA LYS 2 SG;12056045J;1
C;NBO226032K/NBO;LYS 9E SG;12056045K;1
C;NBO226130B/NBO;OSMANTHUS DEMON 3;12058314B;1
C;NBO226171F/NBO;EMPREINTES DIGITALES 3;12059775F;1
C;NBO226223T/NBO;PETALE DE MUSC 5;12058848T;1
C;NBO226252F/NBO;HEMOGLOBINE 7;12059776F;1
C;NBO226798B/NBO;GUATIZA GARDEN 1;12058873B;1
C;NBO227067A/NBO;CHERRY CANDLE 1;12058746A;1
C;NBO227366/VDA;NUTELLA AROMA /RWK VDORIE045K;12057141;1
C;NBO227508D/NBO;LOW BLOW 4;12056044D;1
C;NBO227662C/NBO;SPICY BEAR 4;12056048C;1
C;NBO227898/NBO;ECLAT D ARPEGE WB 1;12057773;1
C;NBO227974/MGU;LITCHI PETALE  GRAS 1;12057548;1
C;NBO228130A/NBO;OMBRE ROSE WB 2;12057938A;1
C;NBO228424C/NBO;PINANANAS SG 4;12056046C;1
C;NBO228537C/NBO;BLACK DRAGIBUS 4 SG;12056043C;1
C;NBO228538C/NBO;SALT LAKE 4;12056473C;1
C;NLE018145DF/NLE;LILAS;12015721DF;1
C;NLE105084CY/NLE;FLOWER LPV;12055852CY;1
C;NLE105084DY/NLE;FLOWER EX 30156427;12055852DY;1
C;NLE109082EK/NLE;AIR FRESHNER;12056532EK;1
C;NLE156813K/NLE;BAUME LEVRE JPG;12058651K;1
C;NLE157038BS/NLE;CHRISTMAS TREE;12056611BS;1
C;NLE158591F/NLE;GREEN TEA BASILIC;12055214F;1
C;NLE161259AV/NLE;PALMOLIVE GRENADE ET JOJOBA;12057315AV;1
C;NLE161259Z/NLE;PALMOLIVE GRENADE ET JOJOBA;12057315Z;1
C;NLE161260BF/NLE;SEA QUEST 35130227;12055675BF;1
C;NLE221059A/NLE;RETRAVAIL SKRASP002 T;12062727A;1
C;NLE222051F/NLE;BEYOND;12056555F;1
C;NLE222400AX/NLE;USHUAIA PULPE DE GRENADE;12056966AX;1
C;NLE222827D/NLE;NARCISSO;12055849D;1
C;PCH088952BL/PCH;TAJ MAHAL CATWALK TEPL;12043388BL;1
C;PCH089405AA/PCH;AVEC PERTE ET FRACAS MOD $18;11040068AA;1
C;PCH089405H/PCH;AVEC PERTE ET FRACAS + O'KOME VAMPIRE;12040068H;1
C;PCH089976C/PCH;VERY SEXY ITALIAN MANDARIN WIFI;11040175C;1
C;PCH090004C/PCH;CHOO FLASH TEPL @15EUROS;12040643C;1
C;PCH091686E/PCH;REVEAL KORRES TEPL;12042446E;1
C;PCH105923AM/PCH;CRUSHED SHISO MUSCADINE TEPL;12038427AM;1
C;PCH108003Y/PCH;FAME TEPL @8EUROS;12040277Y;1
C;PCH108003Y/PCH;FAME TEPL @8EUROS;12040277Y;1
C;PCH108003Z/PCH;FAME TEPL @15 EUROS;12040277Z;1
C;PCH108003Z/PCH;FAME TEPL @15 EUROS;12040277Z;1
C;PCH108128W/PCH;PINK SUGAR TEPL CRAZY PARTY TEU-H-7393 962938;12043389W;1
C;PCH112264C/PCH;ZARA MEN PUMA TEPL;12043414C;1
C;PCH156280AH/PCH;SEL CHOCOLAT AMER TEPL;12044234AH;1
C;PCH156280AJ/PCH;CHOCOLAT ALOE VERA;12044234AJ;1
C;PCH156280AJ/PCH;CHOCOLAT ALOE VERA;12044234AJ;1
C;PCH156280Y/PCH;FLEUR DE SEL CHOCOLAT + ABSINTHE;12044234Y;1
C;PCH156627W/PCH;FRAMBOISE BALSAMIC SESAME @1% SHOWER GEL;12047047W;1
C;PCH157428AH/PCH;ROMEO & JULIETTE  MEN PARIS;12044841AH;1
C;PCH157740O/PCH;MARRONS GLACE SEL;12046923O;1
C;PCH157824BF/PCH;MECANIC  CAMOUFLAGE PUMA TEPL;12048919BF;1
C;PCH160039J/PCH;CAROTTE PETIT POIS TEPL;12045777J;1
C;PCH160039N/PCH;CAROTTE CARDAMOME TEPL;12045777N;1
C;PCH160358BP/PCH;MIAMI ROSE IKEBANA  KORRES TEPL;12046216BP;1
C;PCH162195AA/PCH;SANTAL SALE PUMA TEPL;12050314AA;1
C;PCH162908AI/PCH;METAFIRE DSQUARED;12049934AI;1
C;PCH175331/PCH;BLACKBUSH ACCORD FLORAS.;12056358;1
C;PCH175331H/PCH;BLACKBUSH THE ONE MEN;12056358H;1
C;PCH175378C/PCH;BOMBAY SAPPHIRE;12056121C;1
C;PCH176372G/PCH;AFTER EIGHT;12056657G;1
C;PCH176372G/PCH;AFTER EIGHT;12056657G;1
C;PCH176959A/PCH;NAGAYA SALON SHARED FORMULA KO-GTEA 040BD;12058778A;1
C;PCH179209/PCH;CHOCOLATE BASE SUB;12057679;1
C;PRO091196B/PRO;BEIJO;12054032B;1
C;RAO088095K/RAO;FRUITY FLORAL;12029668K;1
C;RAO091800E/RAO;FLORAL FRUITY;12030529E;1
C;RFF034378/RFF;JSFRES074K SLURRY FORMALDEHYDE FREE;12059290;1
C;RFF112342/RFF;DGFLO822L IN IPM;12042593;1
C;RFF112697/RFF;TNJS005 SLURRY FORMALD FREE LIQ PAROI FINE -30%;12062174;1
C;RFF178214/RFF;DGEMPR027M SLURRY FORMALD FREE LIQUID;12055202;1
C;RFF183118/RFF;BXDG044B  SLURRY FORMALD FREE LIQ PAROI FINE -30%;12062122;1
C;RFF230031/RFF;JSFLO042CQ SLURRY FORMALDEHYDE FREE LIQUID;12058821;1
C;RFF230032/RFF;JSAROM060 ENCAPSULATION LIQUIDE FORMALDEHYDE FREE;12057207;1
C;RFF230128/RFF;DGEMPR004Y SLURRY FORMALDEHYDE FREE;12059509;1
C;RFF230300/RFF;JSFLO042DF SLURRY FORMALD FREE LIQUID;12059398;1
C;RFF230397/RFF;JSAROM060B SLURRY FORMALD FREE LIQUID;12058133;1
C;RFF230839/RFF;JSFRUI108A SLURRY FORMALD FREE LIQUID;12058818;1
C;RFF231929/RFF;JSFRES118A SLURRY FORMALD FREE;12057190;1
C;RFF231938/RFF;JSMARI006A IN TEC NAT;12060251;1
C;RFF231938/RFF;JSMARI006A IN TEC NAT;12060251;1
C;RFF232094/RFF;JSFLO067A IN TEC;12058251;1
C;RFF232094/RFF;JSFLO067A IN TEC;12058251;1
C;RFF232094A/RFF;JSFLO067A IN TECNAT;12058251A;1
C;RFF233105/RFF;JSFRES090D  SLURRY FORMALD FREE LIQUID;12058043;1
C;RFF234101/RFF;JSFRES090D SLURRY FORMALD FREE LIQ PAROI FINE -30%;12062126;1
C;RFF234105/RFF;JSFRES074A SLURRY FORMALD FREE LIQ PAROI FINE -30%;12062113;1
C;RFF234586/RFF;JSFLO021 IN TECNAT;12061815;1
C;RFF234727/RFF;JSFLO153D IN TECNAT;12061748;1
C;RFF235917/RFF;MIXAGE PASTILLES PR VIKING POUR PELLETS;12061983;1
C;RVZ105816J/RVZ;DGRZ-2;12037588J;1
C;RVZ165373/RVZ;REXILE;12053779;1
C;RVZ165373/RVZ;REXILE;12053779;1
C;RVZ225272F/RVZ;RZ-FLO-6;12059001F;1
C;RVZ226480D/RVZ;VIKING;12055869D;1
C;RVZ226549A/RVZ;SKILLS;12057858A;1
C;RVZ228154A/RVZ;CLEANSAFE;12057859A;1
C;SCL090579A/SCL;VICTORIA'S SECRET NIGHT WOMEN'S TYPE;12041299A;1
C;SCL091312B/SCL;MARC JACOBS DAISY DREAM WOMEN;11041466B;1
C;SEL164475F/SEL;IRRESISTIBLE AMANDA * BP;12061864F;1
C;SEL164475F/SEL;IRRESISTIBLE AMANDA * BP;12061864F;1
C;SEL182661A/SEL;AZAMI VS;12051385A;1
C;SEL182790/SEL;CHARCOAL SEA SALT;12062795;1
C;SEL182790/SEL;CHARCOAL SEA SALT;12062795;1
C;SEL182790B/SEL;BOIS D'IRIS;12062795B;1
C;SEL182790B/SEL;BOIS D'IRIS;12062795B;1
C;SEL234931/SEL;MUSC CRYSTAL;12062772;1
C;SEL234931/SEL;MUSC CRYSTAL;12062772;1
C;SEL234970X/SEL;TUB FOR MEN;12062793X;1
C;SEL234970X/SEL;TUB FOR MEN;12062793X;1
C;SEL234980A/SEL;PATCHOULY BLANC;12062779A;1
C;SEL234983/SEL;PATCHOULY LATTE;12062778;1
C;SEL235067A/SEL;ENCRE;12062348A;1
C;SEL235172/SEL;PEACE PIPE;12062783;1
C;SEL235356A/SEL;SCANDAL;12062372A;1
C;SEL235357A/SEL;AMBERISSIME;12062371A;1
C;SEL235358A/SEL;INTENSE JOY;12062365A;1
C;SEL235379/SEL;NAUGHTY BUT NICE VS;12062771;1
C;SEL235380A/SEL;RAW LEATHER ACCORD VS;12062794A;1
C;SEL235380A/SEL;RAW LEATHER ACCORD VS;12062794A;1
C;SEL235486/SEL;FIRESIDE CEDAR;12062777;1
C;SEL235514/SEL;CASHMERE;12062792;1
C;SEL235514/SEL;CASHMERE;12062792;1
C;SKO201664G/SKO;VIOLETTA (622473);12057085G;1
C;SLT090624C/SLT;FLATERIE;12060539C;1
C;SLT091496E/SLT;PEPITE;12060699E;1
C;SLT092245I/SLT;ELEGANCE;12030640I;1
C;SLT092246B/SLT;BLUE SEA;12051022B;1
C;SLT092251E/SLT;COSTA FRUIT;12061368E;1
C;SLT162361B/SLT;BB;12054722B;1
C;SLT162361B/SLT;BB;12054722B;1
C;SLT162412B/SLT;CROMBIEMAN;12054023B;1
C;SLT162412C/SLT;CROMBIEMAN;12054023C;1
C;SLT162414D/SLT;SPARCTACUS;12054049D;1
C;SLT162414Y/SLT;SPARCTACUS;12054049Y;1
C;SLT162419D/SLT;NOTHING TO DECLARE;12051577D;1
C;SLT162419F/SLT;NOTHING TO DECLARE;12051577F;1
C;SLT164497E/SLT;JOLIE BOMBE;12060494E;1
C;SLT170654A/SLT;MAGNITUDE;12050662A;1
C;SLT179937A/SLT;LUXY RED;12049846A;1
C;SLT179937A/SLT;LUXY RED;12049846A;1
C;SLT179937C/SLT;LUXY RED;12049846C;1
C;SLT179937F/SLT;LUXY RED;12049846F;1
C;SLT180077D/SLT;AYALA;12050872D;1
C;SLT180670I/SLT;AVENGERS;12049843I;1
C;SLT180670O/SLT;AVENGERS;12049843O;1
C;SLT180670R/SLT;AVENGERS;12049843R;1
C;SLT182211T/SLT;FIG;12060190T;1
C;SLT182883C/SLT;MILLE ENVIES;12051658C;1
C;SLT183180E/SLT;TRENDY / BRILLIANT;12051576E;1
C;SLT183258W/SLT;CHAMONIX;12061388W;1
C;SLT230882E/SLT;SWEET BEAUTY / POIRE;12060131E;1
C;SLT231305B/SLT;IDYLLE;12060809B;1
C;SLT231307C/SLT;WHITE LOVE;12060498C;1
C;SLT231440C/SLT;INCARNATION;12060738C;1
C;SLT231440E/SLT;INCARNATION;12060738E;1
C;SLT231577A/SLT;PINA COLADA;12060276A;1
C;SLT231718/SLT;PANTENE SMOOTH & SLEEK;12062705;1
C;SLT231804/SLT;PANTENE MOIST SMOOTH CARE;12060567;1
C;SLT232255/SLT;PANTENE PRO V SMOOTH 1 SILKY;12060419;1
C;SLT233184A/SLT;EAU DE CARTIER/MENTHE HYPO NEUTRALISEUR;12061331A;1
C;SLT233562D/SLT;WATER FRESH;12062767D;1
C;SLT233621/SLT;EGOISTE;12061753;1
C;SLT233679B/SLT;DARK BLUE;12062760B;1
C;SLT233725E/SLT;NARGUILE;12061487E;1
C;SLT233839E/SLT;PS;12061214E;1
C;SLT233842E/SLT;REDEYE;12062756E;1
C;SLT233906A/SLT;DARKSIDE;12062742A;1
C;SLT233950E/SLT;RAIDE DINGUE;12061539E;1
C;SLT235242B/SLT;BLUE CRUSH;12062782B;1
C;SYL017609D/SYL;SFF 1752/3;12020913D;1
C;SYL027490N/SYL;SFF 1900/49;12040170N;1
C;SYL027490R/SYL;SFF 1900/51;12040170R;1
C;SYL027490T/SYL;SFF 1900/55;12040170T;1
C;SYL031537J/SYL;SFF 2055/7LESS EXP;12055632J;1
C;SYL031549F/SYL;SFF 2184/33A;12051301F;1
C;SYL031549J/SYL;SFF 2184/4 NV LW;12051301J;1
C;SYL035485E/SYL;SFF 2134/5;12057774E;1
C;SYL086952I/SYL;SFF 1413/6;12056349I;1
C;SYL089427/SYL;SF FRUI 108 TW SF WOOD 261 C;12058760;1
C;SYL090580N/SYL;SFF 2286/3 ECL AR;12041300N;1
C;SYL091159P/SYL;SFF 2008/4 NACRE 2;12059829P;1
C;SYL091376L/SYL;SFF 1863/27 AS NV;12055204L;1
C;SYL091518N/SYL;SFF 2174/33 NV OSC F/ MM;12031316N;1
C;SYL091943R/SYL;SFF 2297 LW ...;12043207R;1
C;SYL092509E/SYL;SF KOUR. ARGENT MEN / LW+(MOD B);12042717E;1
C;SYL092509F/SYL;SF KOUR. ARGENT MEN / LW- (MOD C);12042717F;1
C;SYL092510E/SYL;SFF 2424/2;12042791E;1
C;SYL092510I/SYL;SFF 2424/3;12042791I;1
C;SYL092511C/SYL;SFF 2428/2;12042750C;1
C;SYL092511C/SYL;SFF 2428/2;12042750C;1
C;SYL092511D/SYL;SFF 2428/4;12042750D;1
C;SYL092511D/SYL;SFF 2428/4;12042750D;1
C;SYL092512D/SYL;SFF 2433/2;12042686D;1
C;SYL092512F/SYL;SFF 2433/3;12042686F;1
C;SYL107351G/SYL;SFF 1616/13;12047105G;1
C;SYL107351G/SYL;SFF 1616/13;12047105G;1
C;SYL107351G/SYL;SFF 1616/13;12047105G;1
C;SYL108129J/SYL;SFF 2174/7 LESS 1;12056479J;1
C;SYL108218A/SYL;SF / 2 KENZ H2O W 2;12058162A;1
C;SYL108218C/SYL;SFF 2207**;12058162C;1
C;SYL108219N/SYL;SFF 1993/22 LESS EXP A;12046157N;1
C;SYL108593R/SYL;SFF 1795/4 CHOC B;12058392R;1
C;SYL108896A/SYL;SF / L'EAU IS SP 2;12058512A;1
C;SYL109412F/SYL;SFF 1409/333 LW VR 1;12055820F;1
C;SYL109412H/SYL;SFF 1409/9;12055820H;1
C;SYL109412H/SYL;SFF 1409/9;12055820H;1
C;SYL109412I/SYL;SFF 1409/55 TW FLO 171E RW B;12055820I;1
C;SYL109412W/SYL;SFF 1409/200 E ISS;12055820W;1
C;SYL109465B/SYL;SFF 2131/22A;12056953B;1
C;SYL144043D/SYL;SFF 1288/5;12054489D;1
C;SYL144515Z/SYL;SFF 1836/6;12056534Z;1
C;SYL155408I/SYL;SFF 1336/1818 L 1;12046755I;1
C;SYL161136I/SYL;SFF 2060/NV  ( MOD SF SB 007 A);12059546I;1
C;SYL161187G/SYL;SFF 1503/9  (SF/JJ POSIDONIE ET CHENE MARIN);12049071G;1
C;SYL161871Y/SYL;SFF 1607/16 + RHU 1;12057410Y;1
C;SYL162009C/SYL;SF ORIE 146 A MOD  CF HK 2;12053697C;1
C;SYL162009C/SYL;SF ORIE 146 A MOD  CF HK 2;12053697C;1
C;SYL162067L/SYL;SFF 2167/3;12046836L;1
C;SYL163474T/SYL;SFF 1572/43 NV EDEN 2;12055246T;1
C;SYL163796E/SYL;SF JIM. MAN 4;12054438E;1
C;SYL163796H/SYL;SFF 2368/33 BRA;12054438H;1
C;SYL164444B/SYL;SF WOOD 164 E / IP;12061069B;1
C;SYL165371/SYL;SF / VD ORIE 045 F MOD;12053780;1
C;SYL165371B/SYL;SFF 1937/3 (MOD VD ORIE 045 F);12053780B;1
C;SYL176479T/SYL;SFF 1900/31WAVE 2C;12046999T;1
C;SYL177031H/SYL;SFF 2158/4;12056466H;1
C;SYL178020G/SYL;SFF 1626/40;12055200G;1
C;SYL181504C/SYL;SFF 1605/23;12055241C;1
C;SYL182884A/SYL;SFF 2388;12051331A;1
C;SYL183356P/SYL;SFF 1112/35;12056618P;1
C;SYL200885M/SYL;SFF 487/44;12055420M;1
C;SYL203399T/SYL;SFF 1290/20;12058388T;1
C;SYL207065T/SYL;SFF 1899/9;12058212T;1
C;SYL208632M/SYL;SFF 915/2424 BONA 2;12056438M;1
C;SYL208722/VDA;SF / VD FLO 157H MOD;12059689;1
C;SYL208722/VDA;SF / VD FLO 157H MOD;12059689;1
C;SYL208722/VDA;SF / VD FLO 157H MOD;12059689;1
C;SYL215627D/SYL;SFF 1360/2;12059968D;1
C;SYL215915M/SYL;SFF 1249/555 ST G 2;12056423M;1
C;SYL215915T/SYL;SFF 1249/5**/ AMB A;12056423T;1
C;SYL216552I/SYL;SFF 1378/44AA;12055634I;1
C;SYL217942C/SYL;SFF 1291/3;12055766C;1
C;SYL217948P/SYL;SFF 1192/7 + UNI;12055891P;1
C;SYL218259V/SYL;SFF 690/21;12061708V;1
C;SYL218386M/SYL;SFF 1034/11 HOM DOUX 2;12057475M;1
C;SYL218806S/SYL;SFF 528/20 LW;12057330S;1
C;SYL218806T/SYL;SFF 528/20 LW / TW AR;12057330T;1
C;SYL218806U/SYL;SFF 528/22 ROS;12057330U;1
C;SYL218919Q/SYL;SFF 1435/3 - FUM 1;12057353Q;1
C;SYL218919Q/SYL;SFF 1435/3 - FUM 1;12057353Q;1
C;SYL220491Y/SYL;SFF 1707/12 BL 2;12058481Y;1
C;SYL220507J/SYL;SFF 1817/555 LESS EXP;12056962J;1
C;SYL221213B/SYL;SFF 1750/ VIO & SAF 22;12060604B;1
C;SYL221357/SYL;SFF 1742;12056734;1
C;SYL223187D/SYL;SFF 1868/22 OLI 1;12059940D;1
C;SYL223326A/SYL;SFF 1865;12060282A;1
C;SYL223796D/SYL;SFF 1966/222 BB 1;12058581D;1
C;SYL224366R/SYL;SFF 1526/29 MUSE A;12058069R;1
C;SYL224840J/SYL;SFF 2015 W B 2;12057659J;1
C;SYL225233Q/SYL;SFF 94/21 RW "I HAVE A DREAM "2;12056969Q;1
C;SYL225589C/SYL;SFF 1768/4 W B A;12059171C;1
C;SYL226099U/SYL;SFF 2119/3 W B A;12056156U;1
C;SYL226107K/SYL;SFF 2075/ W B 1;12059105K;1
C;SYL226411O/SYL;SFF 2105/10;12057953O;1
C;SYL227187C/SYL;SFF 1746/66 W B 2;12058676C;1
C;SYL227249G/SYL;SFF 2122/7;12059849G;1
C;SYL227717F/SYL;SFF 1707/M GING GREEN 66B;12057124F;1
C;SYL228980D/SYL;SF WOOD 237 S / NW ALD 2 AA 1;12056998D;1
C;SYL229244B/SYL;SF FLO 085  TW+MEC 3;12057814B;1
C;SYL229284K/SYL;SFF 1616/13 ORIGIN. UNI STIM.;12056398K;1
C;SYL229284L/SYL;SFF 1616/13 ORIGIN. UNI STIM./ SPLAT;12056398L;1
C;SYL229389C/SYL;SFF 2176/22A;12056229C;1
C;SYL229389D/SYL;SFF 2176/22B;12056229D;1
C;SYL229479M/SYL;SFF 991/165;12055777M;1
C;SYL229532G/SYL;SFF 1198/73 BUB BB 1;12056316G;1
C;SYL230798B/SYL;SFF 2252/3 R1;12057160B;1
C;SYL230798F/SYL;SFF 2252/4 ENERG M 2;12057160F;1
C;SYL231304L/SYL;SF FRUI 012 D / EAU CO 6 /RT+COCO MONO&HONEY/LOW1;12060039L;1
C;SYL231392B/SYL;BOIS & VAN MEN 3;12060200B;1
C;SYL232223/BPM;SF / BP WOOD 152 B MOD;12059949;1
C;SYL232413/SYL;SFF 2105/42;12059861;1
C;SYL233198C/SYL;SFF 2382/2;12061375C;1
C;SYL233277B/SYL;SF LIFE ESS. IS" F";12061726B;1
C;SYL233681D/SYL;SFF 2417/2;12061198D;1
C;SYL233682A/SYL;SFF 1198/88;12061199A;1
C;SYL234260/SYL;SF WOOD 144 M & ROS;12061223;1
C;SYL235102C/SYL;SF "PIVOINE&SUEDINE" LW -/+ REPE;12061572C;1
C;SYL235111C/SYL;SF WOOD 303 H ++;12062370C;1
C;SYL235111C/SYL;SF WOOD 303 H ++;12062370C;1
C;SYL235111D/SYL;SF WOOD 303 H ++;12062370D;1
C;SYL235483/SYL;SF ORIE 142 LESS;12062002;1
C;SYL293737E/SYL;SFF 2474/6;12064143E;1
C;TAK006409H/TAK;TONKA BEAN;12003114H;1
C;TAK006409H/TAK;TONKA BEAN;12003114H;1
C;TAK009128AA/TAK;RB AIR WICK BEAT THE BEST;12004826AA;1
C;TAK015608AM/TAK;RB AIR WICK BEAT THE BEST FRESHMATIC;12010623AM;1
C;TAK021554O/TAK;COLLECTION BRAINPLAY RAINBOW ALL PURPOSE CLEANER;12014869O;1
C;TAK021893O/TAK;ARNEST LINDEN BLOSSOM;12015940O;1
C;TAK021893O/TAK;ARNEST LINDEN BLOSSOM;12015940O;1
C;TAK024375X/TAK;ENCHANTED ROSE TEU-H-8165 *KETTEI;12017157X;1
C;TAK024628AX/TAK;WAVE BOUGIE CITRUS;12018404AX;1
C;TAK025862AE/TAK;ARNEST - ECO DETERGENT POWDER CHAMOMILE;12018992AE;1
C;TAK025862AE/TAK;ARNEST - ECO DETERGENT POWDER CHAMOMILE;12018992AE;1
C;TAK025862AG/TAK;MIBELLE SHOWER GEL;12018992AG;1
C;TAK025862AG/TAK;MIBELLE SHOWER GEL;12018992AG;1
C;TAK026517BB/TAK;RB AIR WICK 1 ALERTNESS;12019790BB;1
C;TAK026793J/TAK;THURN PREMIUM SOFTENER BLUEBELL & BERGAMOT;12018991J;1
C;TAK027600AA/TAK;RB RED NECTAR;12020543AA;1
C;TAK027901AN/TAK;RB BEAT THE BEST AIR WICK;12020341AN;1
C;TAK036550AJ/TAK;RB AIR WICK BEAT THE BEST;12028467AJ;1
C;TAK036550AN/TAK;RB AIR WICK BEAT THE BEST FRESHMATIC;12028467AN;1
C;TAK036550AN/TAK;RB AIR WICK BEAT THE BEST FRESHMATIC;12028467AN;1
C;TAK036603BP/TAK;RB AIR WICK BEAT THE BEST;12028425BP;1
C;TAK079240AV/TAK;RB AIRWICK BEAT THE BEST;12049416AV;1
C;TAK079568AA/TAK;RB BLOCKBUSTER AIR WICK;12057506AA;1
C;TAK079568AG/TAK;RB AIR WICK BEAT HTE BEST;12057506AG;1
C;TAK079568AK/TAK;RB AIR WICK BEAT HTE BEST FRESHMATIC;12057506AK;1
C;TAK079612D/TAK;WAVE LAVANDE LA SIDOINE;12061468D;1
C;TAK079613F/TAK;WAVE LAVANDE FIGUE;12062763F;1
C;TAK079614K/TAK;DUPATTA TEU-H-6168 *KETTEI;12058117K;1
C;TAK079616B/TAK;THURN PREMIUM POPPY & PEACH;12057355B;1
C;TAK079627B/TAK;GINGER BEAD TEU-H-8166 *KETTEI;12051177B;1
C;TAK079630R/TAK;REWORK TADG001 BEAT THE BEST FRESHMATIC;12048758R;1
C;TAK079631L/TAK;DGFRUI055W;12061282L;1
C;TAK079642/TAK;DGFLO151BK MOD;12061152;1
C;TAK079652P/TAK;COLLECTION OVERVIEW IN A LAUNDRY WORLD;12059837P;1
C;TAK079652U/TAK;BEST OF PRIVATE LABELS LOW COST HIGH SAFETY PC;12059837U;1
C;TAK079653AA/TAK;RB AIRWICK BEAT THE BEST;12058333AA;1
C;TAK079653AG/TAK;RB BLOCKBUSTER AIR WICK;12058333AG;1
C;TAK079655/TAK;DGFLO247DD MOD;12060570;1
C;TAK079656/TAK;DGFLO333AX MOD;12061259;1
C;TAK079661/TAK;DGFLO851F;12060572;1
C;TAK079663/TAK;ATEMOYA OGASAWARA;12061107;1
C;TAK079663/TAK;ATEMOYA OGASAWARA;12061107;1
C;TAK079663U/TAK;ATEMOYA OGASAWARA;12061107U;1
C;TAK079663U/TAK;ATEMOYA OGASAWARA;12061107U;1
C;TAK079665E/TAK;RB BLOCKBUSTER;12050526E;1
C;TAK079665I/TAK;RB BLOCKBUSTER;12050526I;1
C;TAK079666C/TAK;RB BLOCKBUSTER;12062751C;1
C;TAK079668E/TAK;RB BEAT THE BEST;12060765E;1
C;TAK079670/TAK;OGASAWARA COFEE FLOWER 2013 (HS)(KANOU);12060902;1
C;TAK079670/TAK;OGASAWARA COFEE FLOWER 2013 (HS)(KANOU);12060902;1
C;TAK079670E/TAK;OGASAWARA COFEE FLOWER;12060902E;1
C;TAK079671/TAK;AZAMI OGASAWARA;12061108;1
C;TAK079671/TAK;AZAMI OGASAWARA;12061108;1
C;TAK079671Q/TAK;AZAMI OGASAWARA;12061108Q;1
C;TAK079672/TAK;MIRACLE FRUITS;12061122;1
C;TAK079672/TAK;MIRACLE FRUITS;12061122;1
C;TAK079673/TAK;MUNIN HIME TSUBAKI;12061305;1
C;TAK079673/TAK;MUNIN HIME TSUBAKI;12061305;1
C;TAK079679/TAK;SHIMA MOKUSEI;12060887;1
C;TAK079679/TAK;SHIMA MOKUSEI;12060887;1
C;TAK079693E/TAK;RB BLOCKBUSTER AIR WICK;12060577E;1
C;TAK079697C/TAK;DGFRUI087T MOD;12061021C;1
C;TAK079724A/TAK;SHIMAGYOKUSHINKA AROMASCOPE FINAL;12061298A;1
C;TAK079724A/TAK;SHIMAGYOKUSHINKA AROMASCOPE FINAL;12061298A;1
C;TAK079724O/TAK;SHIMAGYOKUSHINKA;12061298O;1
C;TAK079749/TAK;BEAT THE BEST AIR WICK FRESHMATIC;12062739;1
C;TAK079765/TAK;MAGNOLIA;12057399;1
C;TAK079765/TAK;MAGNOLIA;12057399;1
C;TAK079787/TAK;JSFLO161B MOD;12060337;1
C;TAK079812/TAK;DGFLO871B;12061280;1
C;TAK079817/TAK;DGFLO090C MOD;12061073;1
C;TAK079868A/TAK;BRIEF 559 SPLAT FABRIC SOFTENER 100% NATURAL;12061127A;1
C;TAK079868A/TAK;BRIEF 559 SPLAT FABRIC SOFTENER 100% NATURAL;12061127A;1
C;TAK079973A/TAK;JSORIE081A MOD;12050533A;1
C;TEN001493D/TEN;YANKEE FIG CANDLE;12027453D;1
C;TEN005153V/TEN;L'OREAL LIP STICK MELON (YUBARIMELON);12002047V;1
C;TEN005383BA/TEN;RECKITT TEAL PLUG-IN FRUITS ROUGES;12001810BA;1
C;TEN005740E/TEN;WASABI POPCORN;12001540E;1
C;TEN009123D/TEN; REVLON HAIR COLOR NON AMMONIA;12005302D;1
C;TEN011929S/TEN;CONFITURE LAIT & THÉ VERT***;12007119S;1
C;TEN011929S/TEN;CONFITURE LAIT & THÉ VERT***;12007119S;1
C;TEN013536AJ/TEN;THÉ MATCHA POUR MARKETING;12007836AJ;1
C;TEN013536AM/TEN;SEL AU MATCHA MOD;12007836AM;1
C;TEN013536AP/TEN;WHITE CLAY****SOUMIS;12007836AP;1
C;TEN013536BN/TEN;KALE ET YAGE;12007836BN;1
C;TEN013536BV/TEN;SEL AU MATCHA MOD;12007836BV;1
C;TEN013536BV/TEN;SEL AU MATCHA MOD;12007836BV;1
C;TEN015807AY/TEN;L'ORÉAL LIP STICK COLLECTION;12010732AY;1
C;TEN016093AM/TEN;RECKITT BREATHE SUPERFRESH;12010269AM;1
C;TEN016093AM/TEN;RECKITT BREATHE SUPERFRESH;12010269AM;1
C;TEN016185F/TEN;RECKITT WOODY CLASSIC PINEY***VERY GOOD;12010491F;1
C;TEN017392R/TEN;L'ORÉAL LIP CHINE;12012001R;1
C;TEN017875X/TEN;L'ORÉAL LIP CHINE;12012240X;1
C;TEN028228B/TEN;RECKITT ESSENCE IMAGE;12046240B;1
C;TEN028228B/TEN;RECKITT ESSENCE IMAGE;12046240B;1
C;TEN028228B/TEN;RECKITT ESSENCE IMAGE;12046240B;1
C;TEN028473B/TEN;BENFORADO CAR AIR;12022834B;1
C;TEN028473F/TEN;POUR ST NEW EUROPEAN TREND;12022834F;1
C;TEN028790A/TEN;RECKITT NECTAR CITRUS HERB;12056002A;1
C;TEN029907B/TEN;P&G L'EAU D'ISSEY SPORT POUR HOMME AIR CARE;12022845B;1
C;TEN029969S/TEN;LITTLE JAPANESE DELICATESSEN UME SHU W;12022833S;1
C;TEN030303J/TEN;L'OREAL HAIR COLOR COLLECTION;12023055J;1
C;TEN031021H/TEN;RECKITT WOODY LUXURY MOD***VERY GOOD;12023348H;1
C;TEN031178C/TEN;HOME SWEET HOME LAVANDE BOISÉ;12040165C;1
C;TEN031178X/TEN;YANKEE FIG CANDLE DE LA 072S;12040165X;1
C;TEN031637D/TEN;WAVE SHAMPOO TEPL;12023920D;1
C;TEN031637F/TEN;WAVE SHAMPOO TEPL;12023920F;1
C;TEN032841E/TEN;CANDY PRADA SOFTENER ECONOMY 5.5;12024704E;1
C;TEN033881I/TEN;KOPAS KOZMETIK HAIR COLOR;12026499I;1
C;TEN036607B/TEN;HAIR RECIPE KIWI EMPOWER VOLUME;12032019B;1
C;TEN036607C/TEN;HAIR RECIPE KIWI EMPOWER VOLUME;12032019C;1
C;TEN036854/TEN;L'OREAL HAIR COLOR COLLECTION;12028674;1
C;TEN044060H/TEN;UME SHU MOD FROM 222C****;12059067H;1
C;TEN044060H/TEN;UME SHU MOD FROM 222C****;12059067H;1
C;TEN044073AC/TEN;RECKITT BEAT THE BEST FRESH WATER;12046904AC;1
C;TEN044073AD/TEN;SIBIAR AIR FRESHENER**ADOPTION;12046904AD;1
C;TEN044073D/TEN;RECKITT PRESENTATION;12046904D;1
C;TEN044073Q/TEN;POUR ST EUROPE AIR CARE TREND PRESENTATION;12046904Q;1
C;TEN044073V/TEN;AIR CARE WAVE 2012 FRESH AND CLEAN;12046904V;1
C;TEN044132A/TEN;AIRWICK DOWANOL;12055624A;1
C;TEN044167N/TEN;HOME SWEET HOME ANTI-MOISI AVEC AYANO;12055790N;1
C;TEN044168K/TEN;RECKITT PROACTIVE VERT;12055231K;1
C;TEN044168K/TEN;RECKITT PROACTIVE VERT;12055231K;1
C;TEN044177B/TEN;HINOKI *****GOOD PRESENTATION POUR PUIG;12055827B;1
C;TEN044177B/TEN;HINOKI *****GOOD PRESENTATION POUR PUIG;12055827B;1
C;TEN044177B/TEN;HINOKI *****GOOD PRESENTATION POUR PUIG;12055827B;1
C;TEN044193D/TEN;ORO;12057461D;1
C;TEN044197/TEN;URBAN GARDEN LE MUR VÉGÉTAL;12058413;1
C;TEN044212G/TEN;RECKITT PRESENTATION;12057365G;1
C;TEN044212G/TEN;RECKITT PRESENTATION;12057365G;1
C;TEN044212K/TEN;SIBIAR AEROSOL;12057365K;1
C;TEN044257H/TEN;RECKITT BEAT THE BEST FRESH WATER;12060647H;1
C;TEN044257K/TEN;RECKITT BEAT THE BEST FRESH WATER LE;12060647K;1
C;TEN044264D/TEN;HOME SWEET HOME MALODOR CONTROL;12056858D;1
C;TEN044266H/TEN;JASMIN ICE TEA;12042159H;1
C;TEN044306AC/TEN;RECKITT PLUG-IN PLUS FRAICHE QUE TNTN022A;12046905AC;1
C;TEN044306AD/TEN;MORE SWEET HOME PUMPSPRAY VER CHAUDE TNTN022A;12046905AD;1
C;TEN044306X/TEN;MORE SWEET HOME PUMPSPRAY TNTN022A DPG;12046905X;1
C;TEN044307E/TEN;L'ORÉAL PROACTIF CNV L-ROSE OXIDE***SUBMITTED;12056885E;1
C;TEN044336D/TEN;YANKEE Q1 Q2 2017;12058483D;1
C;TEN044367/TEN;RECKITT GREEN IMAGINARY;12051017;1
C;TEN044367F/TEN;PREHISTOIRE FOOD;12051017F;1
C;TEN044414C/TEN;SIROP DE VETYVER + SEL SUCRÉ;12056681C;1
C;TEN044414G/TEN;COLLECTION TRADITION R/EVOLUTION;12056681G;1
C;TEN044426A/TEN;MOLTON BROWN MIKAN***GOOD MIKAN BOUGIE;12057095A;1
C;TEN044439A/TEN;LITTLE JAPANESE DELICATESSEN INSPIRÉ DE SANSHO;12055625A;1
C;TEN044440E/TEN;LITTLE JAPANESE DELICATESSEN SESAME;12058633E;1
C;TEN044441B/TEN;JAPANESE DELICATESSEN RYOKAN AVEC UME BOSHI;12057418B;1
C;TEN044442A/TEN;JAPANESE DELICATESSEN SAKE FLOWER***S;12055811A;1
C;TEN044443F/TEN;JAPANESE DELICATESSEN TATAMI;12056335F;1
C;TEN044461B/TEN;SAKE (GINJO)***;12059004B;1
C;TEN044461B/TEN;SAKE (GINJO)***;12059004B;1
C;TEN044465M/TEN;YANKEE CANDLE TRANQUILLE KYARA;12047859M;1
C;TEN044472A/TEN;PROACTIVE LA PETITE ROBE NOIRE GUERLAIN;12057284A;1
C;TEN044479S/TEN;RECKITT AIR FORCE ONE ALTERNESS;12046433S;1
C;TEN044482F/TEN;BLACK SESAME OIL HS***;12062435F;1
C;TEN044482F/TEN;BLACK SESAME OIL HS***;12062435F;1
C;TEN044483A/TEN;TATAMI HS***GOOD;12062437A;1
C;TEN044483A/TEN;TATAMI HS***GOOD;12062437A;1
C;TEN044487A/TEN;RECKITT TRAINING;12056557A;1
C;TEN044490B/TEN;SANSHO AUTHENTIQUE*;12057007B;1
C;TEN044490B/TEN;SANSHO AUTHENTIQUE*;12057007B;1
C;TEN044493H/TEN;UME BOSHI***;12062436H;1
C;TEN044493H/TEN;UME BOSHI***;12062436H;1
C;TEN044496A/TEN;LITTLE JAPANESE DELICATESSEN CONFI LAIT&THE V W;12054864A;1
C;TEN044500A/TEN;SAKE (KOKURYU?);12057417A;1
C;TEN044500A/TEN;SAKE (KOKURYU?);12057417A;1
C;TEN044520A/TEN;HOME SWEET HOME BIBLIOTHÉQUE;12057362A;1
C;TEN044520A/TEN;HOME SWEET HOME BIBLIOTHÉQUE;12057362A;1
C;TEN044536/TEN;P&G BACKSTAGE CHOCOLAT, MACARON +LIME;12058730;1
C;TEN044536/TEN;P&G BACKSTAGE CHOCOLAT, MACARON +LIME;12058730;1
C;TEN044548A/TEN;MARKETING FRESH AIR NCNC159F MOD;12058476A;1
C;TEN044552A/TEN;CHOCOLAT ET SAKÉ;12059000A;1
C;TEN044666/TEN;LOVE AT FIRST SCENT VANILLE CLEAN LINEN;12059139;1
C;TEN044702A/TEN;SAKURA LEMONADE PLUS SAKURA;12042323A;1
C;TEN044749A/TEN;LEGENDA ESTER HAIR COLOR;12060725A;1
C;TEN044851C/TEN;RECKIT BEAT THE BEST CHERRY B ET MAGNOLIA;12050718C;1
C;TEN044851H/TEN;RECKIT BEAT THE BEST CHERRY B ET MAGNOLIA LE EU;12050718H;1
C;TEN044938/TEN;SCJ BRISE FRAICHEUR BRUME DE PRINTEMPS STUDY;12059003;1
C;TEN044938/TEN;SCJ BRISE FRAICHEUR BRUME DE PRINTEMPS STUDY;12059003;1
C;TEN234941B/TEN;HENKEL HC FUTURE WAYS OF LIVING SOFTENER;12062116B;1
C;TEN234941B/TEN;HENKEL HC FUTURE WAYS OF LIVING SOFTENER;12062116B;1
C;VDA149846/VDA;OMNIA CRYSTALLINE;12059445;1
C;YUN028773A/YUN;ONWIST001 MOD;12021951A;1
